ax,ay,az,label
0.03105,0.0667,-0.05195,4
0.1712,1.38315,-3.0772,3
-0.12805,0.0197,-0.0792,4
0.42745,2.6869,-3.78635,1
-0.224,0.1381,-0.34165,6
-1.96725,5.1969,0.4816,3
3.95425,-4.92595,-1.53365,3
-0.0306,-0.0903,0.07975,5
-2.58785,-0.75285,1.91595,1
-0.0458,0.025,0.19905,6
-0.33055,-0.14985,0.13075,5
-0.6249,1.77595,-0.38505,1
-0.2293,-1.68075,0.20415,2
0.02235,-0.03675,0.0016,4
-0.08805,0.0754,0.0641,6
1.03455,0.38585,-0.62615,2
-3.48585,-0.0614,0.821,3
4.4319,-2.03685,-1.6126,1
-0.0023,-0.0568,-0.0708,6
0.12325,-0.02585,0.0251,6
-1.35765,1.08455,-4.0779,1
-0.078,-1.1633,0.81045,1
-2.17275,-1.9502,1.4707,2
-0.26,-0.086,0.06135,5
0.65035,3.869,-4.4361,3
-0.0163,-0.2606,-0.01665,6
-0.1329,-0.0191,-0.1608,6
-2.47145,6.99325,8.3467,3
-3.7169,0.2464,8.78725,1
-0.41345,-3.13245,-2.12355,3
1.689,-0.30405,-2.5818,3
0.12345,0.07925,-0.06395,4
-0.52905,1.7881,-0.0565,2
0.03125,-0.0314,0.02795,6
-1.3556,-0.5783,0.57985,1
0.9958,2.58205,-4.1803,2
-0.05135,-0.0701,-0.0286,5
0.04395,1.78245,1.4255,1
-3.8968,-1.1583,1.5441,1
1.4606,3.6294,-8.0363,3
-0.81305,0.39805,-2.46445,1
-5.4347,-1.27085,0.27775,1
-0.67325,1.3202,0.7312,1
0.4041,1.8058,-2.92615,2
-0.1399,0.01365,-0.01435,4
-0.15815,0.01075,-0.0346,4
0.0106,0.0056,0.0835,5
1.5044,-0.0789,-0.95895,1
0.8851,-0.07845,0.21435,6
0.05785,0.04345,0.06565,4
1.2826,3.02015,-2.70855,3
-0.18455,-0.0063,0.0344,5
-6.18785,-1.2327,7.2572,1
0.1023,0.0597,0.00715,5
3.2385,-6.04195,-5.8159,1
0.12465,0.03855,0.07405,6
0.92105,4.9652,-4.74085,3
0.3233,2.05405,-3.19995,2
-0.0664,0.02755,-0.07395,6
-0.103,5.0593,3.7571,3
1.28525,1.2516,-3.29305,2
-0.9214,0.26335,-2.98315,2
-4.20885,-3.34885,-4.81375,2
0.1157,-4.3853,1.5268,1
-0.44545,1.586,-0.9643,1
0.26185,2.77505,1.69735,3
17.92785,-2.70315,8.2989,3
1.34235,2.1382,-3.01305,3
-0.07285,0.0033,0.00105,4
0.09215,-1.25645,0.61465,2
0.08025,0.0324,-0.0639,4
-0.0477,-0.00015,0.02165,6
0.14755,-0.03035,-0.028,6
-0.0408,0.0233,-0.03985,4
-2.0221,0.9439,-6.1242,1
0.47615,2.01425,0.13025,2
0.08625,-0.00025,-0.03795,5
0.0914,0.0616,-0.01575,6
0.1394,-0.0808,0.015,5
0.0854,-0.0573,0.03535,5
0.02165,0.0381,0.03015,4
0.1548,0.0206,-0.0565,4
-3.5832,-4.80475,-1.4403,2
0.06125,0.0028,-0.00665,4
-0.3004,0.03055,-0.1989,5
-4.07765,-0.49135,3.52325,1
0.16,0.06135,-0.0453,6
2.8073,2.22105,2.0947,3
-0.06455,-0.03715,-0.0102,5
-0.0754,-0.0685,0.0422,6
0.0874,0.8882,1.7451,1
4.5635,-0.21135,7.319,3
-0.0568,-0.06575,0.2049,5
16.0445,-6.8494,-6.0831,3
-0.00865,0.02885,-0.0135,4
1.77515,2.84325,-2.97335,1
-0.0187,-0.03745,-0.00205,6
0.10295,-0.03245,-0.1139,5
-1.60865,-1.79495,1.0095,1
0.0485,0.02795,-0.0041,4
0.1377,-0.02815,-0.0572,5
-0.48995,0.6347,-2.9363,1
-3.25515,-5.24195,0.5604,2
-0.19155,-0.0059,0.0191,4
4.65265,-2.33115,7.0642,3
-2.35145,-3.7825,5.3708,2
0.06325,-0.00545,0.0737,4
-1.5506,-1.51915,-5.9879,1
0.9753,-11.01045,-2.93845,1
-0.08425,-0.0445,-0.2405,4
-0.01395,-0.03855,0.02685,6
2.1567,-0.10125,-1.0185,2
-0.03795,-0.0695,0.09055,6
0.05645,-0.02225,-0.11015,5
2.93995,-3.89245,-2.51855,1
0.05995,-0.048,-0.05525,5
-3.0761,-0.5094,1.8714,1
3.41855,1.54555,-3.7192,1
3.921,-3.3474,-1.51635,3
-0.16955,-0.1265,-0.12455,4
-0.0295,-0.02055,0.0179,6
1.83155,-4.924,-5.5754,3
1.27895,-2.015,4.5216,2
0.00075,-0.1219,-0.0416,4
1.5235,4.09605,-3.8541,3
0.09135,-0.00975,-0.0461,5
-0.03005,-0.03375,-0.0641,4
-1.5497,-1.5234,-1.34175,2
2.7162,-3.1874,0.8882,2
1.1278,2.4002,-1.4015,2
0.18675,0.0042,-0.1229,5
7.0217,-9.39125,5.09365,3
0.02735,-0.02685,0.01735,4
0.0441,-0.07105,-0.0557,4
0.2666,2.1178,-0.3688,2
1.3836,-6.71035,-4.7964,1
2.3445,0.57465,-3.57425,1
0.03835,-0.02365,-0.03505,4
-0.8781,-4.63275,1.44875,3
0.0798,-0.04265,-0.05215,5
0.0205,0.02285,0.00355,6
10.80265,-9.5049,-5.86365,3
0.03565,-0.0088,0.0745,5
-0.0224,-0.0635,0.05895,6
-0.20625,-0.07095,0.06465,5
-0.9186,1.86395,0.16485,1
0.1405,-0.0805,0.06295,5
0.24395,0.05945,0.0208,5
-0.50555,-0.0247,0.20825,5
6.9458,2.5003,-2.0717,1
0.05625,0.0355,-0.0252,4
-0.03415,-0.03235,0.03415,6
-3.7783,0.52445,-2.2884,2
0.0316,-0.0457,0.28305,5
-1.1448,-0.445,-1.2628,1
-0.0462,-0.00225,-0.0127,4
2.45165,-1.38255,-1.26915,1
-0.1525,-0.0655,0.04925,6
-0.0153,-0.1246,0.13595,4
-0.0932,-0.0824,0.06235,6
0.00795,-0.019,-0.0951,4
0.02875,-0.1016,0.00885,4
2.68885,-1.9887,2.4586,1
-1.4364,0.3583,4.79825,2
0.06885,-0.01055,-0.0005,4
-1.13675,4.2975,-2.7965,3
2.6634,0.6795,-1.0488,1
-0.3273,-0.0226,0.04765,6
0.0603,-0.06575,0.0587,5
4.50505,-4.01,-1.97385,2
0.0009,-0.0186,-0.004,6
0.00705,-0.03075,-0.00705,6
-0.0659,0.0667,-0.0889,4
0.06195,-5.67335,-0.27935,2
-0.0832,-0.0518,0.0593,6
8.2983,-7.2495,-2.29305,3
0.07295,1E-04,-0.05925,5
-0.0522,0.00925,0.0201,4
-2.7064,-0.66465,3.2205,2
-0.1025,-0.0281,-0.0677,4
-5.3952,-1.966,5.0021,1
0.01945,0.00325,-0.0131,6
0.01205,0.00055,-0.12685,4
-0.0444,-0.03205,-0.00895,6
-3.5838,-2.07575,-0.3986,1
-2.88575,1.1086,7.11545,1
-0.30075,0.78815,-3.0176,1
0.0646,-0.0522,0.1203,5
0.54725,2.26015,3.5109,3
0.1016,-0.05605,0.09705,4
-1.8415,-1.1571,-0.64845,2
-3.36595,1.48615,-3.9188,3
0.0506,-0.0728,-0.0041,4
-1.42325,1.7423,-3.0164,1
-1.17165,3.3583,2.25165,3
-0.1324,-0.01535,0.17395,6
4.2119,1.5592,-3.5398,1
0.29655,-0.07515,-0.10285,6
0.365,-3.6271,-3.27845,2
4.9297,1.56665,-2.9445,1
1.056,2.9582,-4.24955,3
0.12295,-0.01405,-0.07255,4
1.8631,-5.0996,-3.7753,1
0.0003,-0.0203,0.05265,6
-0.04425,0.0332,-0.02,4
-0.81815,4.6804,-2.8475,3
0.20845,-0.06515,-0.18565,5
0.07185,-0.03655,0.1066,5
-1.60285,-0.38235,-0.3606,2
0.1472,0.03005,-0.01145,5
0.0222,0.01575,0.11185,5
0.00385,-0.04195,0.04385,4
1.3934,0.4602,8.80915,3
-0.1383,0.0416,-0.0086,5
-2.07625,1.59755,-0.55615,2
-0.03005,1.1351,-1.4398,1
0.92005,1.0197,3.42895,1
2.1453,-3.6066,2.7835,1
0.0603,0.0359,-0.05735,4
0.0688,-0.00095,-0.0421,5
-1.7724,3.7418,-1.75975,3
-0.0572,-0.08095,-0.04155,4
0.8995,1.00395,0.01,2
-0.04395,-0.05585,0.07555,6
7.01595,-7.2015,-1.01425,3
-0.4565,-2.3025,1.6651,1
1.8004,1.4979,-3.33605,1
0.04235,-0.0008,-0.0801,5
-0.19355,2.2603,-1.69195,3
-5.46215,-0.23845,6.318,1
0.55995,-5.66225,-3.92925,3
0.06365,0.00055,-0.02935,4
-0.3174,0.0233,-0.08695,6
1.54175,1.1103,-2.9635,1
1.12375,-0.7849,1.19765,2
-0.28715,-1.57455,-2.205,3
-1.95255,0.53615,-0.4661,2
-0.0141,-0.0291,-0.0844,4
0.0662,-0.00705,0.08435,6
-0.6593,0.3972,1.3297,2
0.15135,-0.0251,-0.0637,5
-1.34675,-1.98705,1.7288,2
0.0646,0.0381,-0.27175,5
0.00435,-0.0048,-0.0613,4
4.47915,1.52265,-2.9083,1
-1.67005,0.1121,-5.7727,1
4.99135,2.25855,8.02465,3
-2.2048,-1.98325,5.53555,1
-1.62635,-0.6309,-0.57305,2
0.0417,0.15815,-0.1631,6
-2.47685,1.21475,4.86185,3
1.25545,4.1354,-1.9616,3
-2.8845,-1.66315,1.7301,1
-1.31645,0.87475,-1.55785,3
0.0057,-0.10095,0.11925,6
0.01965,-0.0165,0.0219,6
-0.10435,0.0586,-0.0478,4
-0.01865,0.0049,0.0517,6
0.10905,0.00255,-0.1006,5
-0.2552,-0.093,0.2203,5
-0.0437,-0.00685,0.07305,4
0.0322,-0.0244,-0.0665,4
-2.9417,1.14715,4.16885,1
-0.5788,1.9389,-2.2113,3
2.14215,-1.49865,-2.32145,2
-0.2595,0.04065,-0.1826,5
0.0763,0.05255,-0.0364,6
0.0252,0.03075,0.0677,6
0.0264,0.00915,-0.0518,6
-1.0156,2.06045,-3.5706,1
0.06075,-0.092,-0.1585,4
1.03305,4.3489,0.16215,3
-0.00615,0.0381,-0.0375,5
-0.49865,-0.73725,-1.56885,2
0.8818,-3.43655,-1.35725,3
-2.17095,-2.29315,-2.4748,3
0.06665,-0.0724,0.0652,6
6.47725,-0.10835,4.001,3
-2.46295,0.48015,1.3397,2
-0.3023,1.54375,-2.47325,1
-0.0012,-0.0552,-0.05545,4
4.7806,-1.7414,3.52055,2
3.88545,-5.3825,-4.85155,1
0.2201,-3.60735,-3.51985,2
-2.0712,1.79105,-0.53905,2
0.0944,-0.0609,-0.07265,4
-1.50065,0.13575,3.80345,1
-0.0642,-0.0168,0.0085,6
4.4157,1.79985,-2.5945,1
-2.13585,-0.23215,-0.0405,2
-0.05905,-0.101,0.08235,6
-0.0969,-0.0525,-0.05795,6
0.4501,-0.6353,3.80335,3
-0.11755,-0.1534,-0.02655,4
-0.0838,-0.15015,-0.02715,4
-0.0174,-0.07945,0.05985,5
8.06945,-3.11905,1.6874,2
0.1564,0.05025,0.02415,6
-0.1114,-0.06805,0.0776,6
-3.2271,0.08795,2.9514,1
-1.1344,3.13925,2.9312,1
-3.8242,2.43175,-2.49625,3
3.74145,1.2307,-2.45685,1
0.1199,-0.08795,0.0278,4
-0.009,-0.0273,0.09485,6
2.9021,-9.68025,-5.87305,2
4.66015,-2.3017,4.5514,3
0.1297,-0.01145,-0.0079,4
-0.07155,-0.0203,-0.2007,4
-0.2435,-6.5056,-7.2299,1
-0.93435,-0.6469,-5.8045,1
-0.8138,3.48785,2.3992,3
-0.25035,-4.94725,1.01525,2
-0.04275,-0.1019,0.16675,5
0.0821,-0.12095,0.00785,4
0.2128,0.0655,-0.0924,5
-0.23605,0.89375,-3.6421,2
-0.00305,-0.02365,0.0552,6
-0.02025,-0.01685,-0.0666,4
0.0898,0.0497,-0.20295,4
0.10075,-1.057,3.987,3
1.63465,-8.72715,-12.1421,2
0.01145,-0.04415,-0.09405,5
0.02445,-0.0226,-0.26565,5
0.072,-0.0815,-0.002,4
0.1181,0.00495,-0.1008,4
-3.3782,-1.44035,-0.69,1
-0.07655,0.0465,0.05405,5
-0.24905,-0.2242,-0.0996,6
0.15995,0.03275,-0.10885,5
3.4836,-2.6517,4.44175,2
-3.96115,-7.0933,-3.4385,3
-0.20345,0.1867,0.06735,4
-1.4533,7.36615,1.52345,3
1.52815,-2.8931,-0.41555,3
-0.0293,-0.0625,0.04465,6
0.08725,-0.0284,-0.0501,5
-0.2848,3.8146,-3.41995,3
0.0418,-0.08215,0.018,5
-0.4443,-3.88795,0.4243,3
0.03455,0.02935,-0.07585,6
-1.7989,1.3376,0.90525,1
-0.86435,-4.582,-1.8986,3
-0.07845,-0.044,0.14805,6
5.6141,-4.45315,9.97975,2
0.08545,-5.43595,-0.19085,3
-0.03785,-0.02195,-0.03515,6
3.1785,-4.1788,2.3036,2
-0.08795,-0.01075,-0.05085,4
0.9711,-2.84165,-1.3546,1
-0.0639,2.9427,-3.00045,3
0.04915,-0.0412,0.0558,5
0.6042,0.6638,1.1191,1
0.25305,0.0657,-0.13105,5
0.08805,-0.03065,0.0095,6
-1.1071,-0.07215,1.8567,1
-0.0557,0.05995,0.1449,6
-8.8258,-2.3041,-2.4517,2
-0.0016,-0.0346,0.05045,6
2.2398,-5.0679,0.9799,3
0.05355,-0.0638,0.0072,6
-0.14235,-0.04585,0.15385,5
0.0815,-0.05345,-0.0664,4
0.5652,-0.6643,8.16525,2
2.32895,3.29855,-1.369,2
1.81995,0.4578,-6.1097,2
-0.0343,-0.05905,-0.0158,4
-3.81215,-4.69505,-0.5853,3
0.002,0.0386,-0.1117,4
0.18045,-0.0391,0.15815,5
-1.1234,0.3208,2.84985,1
-1.6686,-5.64635,-0.86895,2
0.06835,-0.0232,0.01285,4
-0.37795,0.0788,-0.30725,4
0.9982,-9.05315,-0.62365,1
0.0611,-0.01,-0.0787,4
-2.01255,-0.01925,0.70035,3
0.0642,-0.0417,0.0526,4
-0.62825,-1.16895,-0.0718,1
0.0575,0.066,0.0708,4
0.78545,-2.923,0.53215,2
0.176,-0.07685,-0.01445,5
-2.2048,0.4116,1.71415,2
-4.5627,-0.1827,2.8617,2
0.37875,2.51705,-1.9185,1
-0.2086,-0.05045,0.01225,5
-0.02925,0.00135,-0.00675,4
0.4066,-3.19725,1.23975,2
-1.03555,0.4594,-3.89945,2
1.12495,-3.29435,1.1741,3
0.06385,-0.05155,0.04925,5
-0.072,-0.0176,0.0135,4
-2.67095,1.17825,-3.28715,3
0.10995,-0.06835,-0.01145,4
-0.06985,-0.0413,-0.0252,5
-0.02995,0.06115,-0.0395,4
-0.98375,1.5551,0.18865,2
-0.6137,1.20065,0.6076,2
0.1735,3.3003,1.291,2
-0.0222,-0.08545,0.04115,6
-2.2855,-4.35665,0.92355,2
0.0042,0.03535,0.006,6
0.04,-0.0109,-0.10505,4
0.0443,-0.0303,0.0833,6
-0.21225,0.0094,0.2183,6
-0.04575,-0.1012,-0.02325,4
-1.46205,0.069,3.86745,1
0.00095,-0.0011,0.09125,6
-0.01235,-0.14785,2.7764,2
-0.30655,-0.16555,0.26605,5
-0.0164,0.044,-0.06235,4
1.30685,1.24825,-3.85055,1
-0.0373,-0.01895,-0.0242,4
-0.3819,-1.7827,0.72865,1
3.0369,-0.1415,0.819,2
-3.7741,1.7871,7.43205,3
0.20025,1.7077,-1.8559,3
-0.6737,1.26335,-0.47065,1
0.0075,0.07695,-0.0837,4
1.16535,0.2086,-1.32515,1
-0.94705,-0.6101,-5.98585,1
0.07125,-0.06895,-0.0177,5
4.9765,-3.0589,4.37605,3
0.11025,1.2291,-1.95255,3
0.0238,-2.8743,3.29505,2
0.9243,-2.4845,-0.69895,2
4.4089,1.12025,4.1192,2
3.56275,1.12795,-5.37815,1
-1.7555,0.7698,-3.5643,2
0.12,-0.3649,2.056,1
-0.1439,-0.07765,0.1216,5
-0.7321,1.3544,-2.88445,1
0.1129,-0.0101,-0.01935,6
1.4972,4.1687,0.8287,3
1.44465,-2.1669,3.3792,3
6.91075,-9.2421,-1.6193,3
3.78735,-4.3083,-0.6138,3
-0.23375,0.01565,-0.16145,4
-0.00355,-0.02095,-0.06855,5
1.2799,0.4886,6.51115,2
1.1164,1.84845,-3.33905,1
-0.10055,-0.08105,0.00865,4
-0.0169,-0.04545,0.27665,5
-1.6117,6.218,8.1357,3
0.0152,-0.09905,0.1362,5
2.7045,1.79125,-5.35635,1
0.1575,0.04195,-0.1639,5
-0.2083,-0.01545,0.05345,6
-3.9377,0.55945,2.69745,1
-0.408,-0.2317,0.5052,6
-0.06695,0.0169,0.0312,6
-1.92715,-2.1718,-1.72325,3
0.0644,0.03835,0.04715,6
0.2008,3.38615,-3.7818,3
3.21035,4.05855,-4.1101,3
-0.0769,-0.77625,-1.4967,1
-0.9283,0.9193,0.05835,3
0.63565,-0.67925,1.74175,1
-0.9151,0.6816,-3.90325,1
0.6018,0.53965,0.33285,1
-3.82685,-6.0009,1.1516,3
-2.1317,0.45055,3.31945,1
-1.8485,0.9704,-5.34855,1
-5.0408,0.5283,3.897,1
-1.75595,1.4428,-0.98435,3
0.0183,0.02085,-0.0389,4
0.55455,-1.05865,2.6799,2
2.21595,-1.4664,6.37475,2
0.5734,0.47725,3.2721,1
0.025,-0.05085,0.0488,5
0.48995,2.58675,0.4435,2
0.2259,-0.0724,0.12765,5
0.31255,0.00275,0.0354,5
4.59915,1.59795,-2.63895,1
0.10105,-0.00265,0.0477,6
-0.23795,-0.01785,0.06765,6
0.13635,-0.0312,-0.0073,5
0.0223,-0.02955,-0.0693,6
-0.55715,-0.12725,-2.64695,3
2.57345,-10.14465,0.20415,3
-0.0595,-0.01555,-0.07725,5
0.9614,-0.55795,-0.7044,1
0.101,0.00525,-0.0245,4
0.19745,0.03415,-0.03995,5
0.2714,0.0045,0.0107,5
0.1754,-0.0246,-0.0246,5
-0.1176,-0.05295,0.1251,5
0.2022,0.0288,-0.03445,5
3.0097,2.3399,-4.2516,1
0.05385,-0.0189,0.1165,6
-6.07235,-2.0327,0.10705,2
0.0661,0.00455,0.01015,4
0.07405,-0.0069,0.0354,6
0.01455,-0.0073,-0.00805,6
0.0518,0.0953,-0.0093,4
6.61445,4.0257,-0.9974,2
2.53535,-1.18395,2.4124,2
0.1005,-0.06605,-0.0287,5
-1.28155,-2.2987,7.5464,1
-0.14555,0.0151,0.09275,6
-0.0492,-0.03845,0.0171,4
-1.1879,1.18185,-2.34545,2
-0.64325,1.90625,0.00855,2
0.01,0.0841,-0.09385,6
1.62445,1.1049,3.95355,1
-0.08395,-0.04865,-0.10915,4
0.15685,0.04525,-0.02975,5
-2.1103,-2.587,8.1267,3
-0.02355,-0.0338,0.0755,6
2.3006,-9.47175,-6.18415,2
0.04575,0.00895,0.09585,6
-0.5582,-1.40895,0.93415,1
-1.53495,-4.82045,-1.27175,2
0.20355,0.0972,-0.04355,4
-0.7712,0.6379,1.5171,2
0.0383,-0.04495,0.0038,6
-2.11485,-2.93165,3.337,2
1.2805,-3.9679,2.94405,2
8.36515,-7.32555,-0.09695,3
-0.0521,-0.21875,-0.16645,4
0.86895,-1.1125,-4.83055,1
1.16395,2.40265,-2.87865,2
0.013,-0.01875,-0.08695,4
-1.9708,-0.82035,-1.9554,2
1.3141,0.41435,0.2062,2
-0.02205,-0.1657,-0.06495,4
-0.03995,-0.01105,0.0159,6
-0.0472,-0.08615,-0.0633,5
0.0558,-0.0318,0.07715,4
-0.14255,-0.04165,0.19405,6
0.23775,-0.0067,-0.2758,5
5.06445,-8.6429,0.4848,3
-0.73235,-1.07755,3.98395,3
-0.0266,-0.01385,0.0386,6
-0.53215,1.37845,-0.27015,1
0.10175,-0.0316,-0.1735,5
-0.6281,1.9235,6.9211,3
0.0226,0.00325,0.02435,6
-0.8389,5.0885,-2.89155,3
-3.6527,2.73805,1.96815,3
0.02275,-0.07185,0.0138,5
0.0211,-0.00155,-0.01275,4
4.0912,1.6936,-4.68175,1
0.2785,-0.00805,0.0244,5
3.9084,0.2815,0.4257,2
0.4034,1.3716,1.73515,3
-4.37805,-1.709,7.80195,1
-0.2149,-0.0946,0.21965,5
-0.40555,-0.0725,0.19545,6
-3.92675,0.71545,-3.54145,2
0.1151,-0.05875,-0.1103,4
0.3084,-0.00895,-0.23435,5
-0.2181,0.41615,-5.14375,1
-0.01355,-0.012,-0.15625,4
-2.5687,-8.58035,-3.7502,1
0.0461,0.01485,-0.14145,5
-1.2362,0.93925,0.7955,2
-1.57525,2.457,-0.4535,1
1.6922,1.71215,-4.68535,1
1.2304,-0.02275,1.0909,2
-0.0958,-0.0353,0.0503,6
0.20015,-0.0492,-0.03215,5
0.2889,0.06835,-0.00725,5
-1.3372,1.14665,1.25115,2
-4.12355,-1.4811,1.7698,1
-0.11815,0.0284,0.03595,4
-0.03505,-0.1753,0.2095,4
2.1103,-11.0713,-1.9668,2
-2.2879,-4.0511,-0.03265,3
0.27005,-0.04055,-0.2469,5
-0.4784,2.17795,-0.50365,2
1.4108,0.74995,-2.6682,1
-0.017,0.0078,0.0482,6
-3.60125,-3.15895,0.1292,3
0.1489,-0.04115,-0.00675,5
4.1207,0.52635,-5.4904,1
-1.24665,1.88455,-3.30805,2
-2.4376,-0.59075,0.19115,2
2.88405,4.136,-1.08255,3
2.7115,1.4513,-2.604,1
-0.41335,0.5566,-0.67635,1
-0.80795,-1.2791,0.16265,1
0.019,0.04795,0.0286,6
-0.06035,-0.03575,0.0781,6
4.7735,1.5734,-4.4062,1
-0.1774,-0.2752,-0.0468,4
-0.3793,0.0568,0.1731,6
-0.0172,-0.0187,0.02745,4
0.46855,-0.46615,2.27055,2
0.054,-0.11005,0.0298,4
0.0336,0.0418,-0.0636,6
0.0484,-0.08515,-0.03745,6
0.0343,-0.0627,-0.1799,6
-1.8733,4.782,-3.2088,3
-0.31825,1.21835,-1.0531,3
-0.0613,0.8865,-2.28015,1
0.034,-0.03885,0.03425,5
2.20015,-1.4879,-3.12525,2
0.0592,0.00915,-0.00415,4
-1.89385,-0.7195,-0.55195,3
-0.7345,-0.36325,-1.2696,2
0.04655,-0.2703,2.24255,2
-1.39745,2.59655,-1.20845,1
0.0431,-0.0095,-0.0668,4
2.91055,-5.59245,-1.55505,3
0.02855,0.0219,-0.13705,4
-0.98215,0.3501,-3.21375,2
-0.0885,-0.0409,0.0078,4
0.0616,-0.0499,0.0576,6
0.014,-0.0651,0.1182,5
-0.0112,-0.04925,0.0598,6
-3.7375,-2.33785,4.18195,1
0.0287,-0.0244,0.1163,6
-1.149,1.00005,5.13595,3
10.42625,-2.2275,4.21695,3
-0.05795,0.0232,0.09645,6
0.0776,0.02795,-0.0252,4
-2.5031,-3.8071,4.5313,3
4.50655,0.38115,-4.67815,1
0.4482,-2.4258,-0.7144,1
-0.0041,-0.0847,0.04665,6
4.4284,1.1552,-3.23405,1
-0.08495,-0.00325,-0.0851,4
0.0672,-0.03965,0.17185,4
0.00475,-0.00245,0.04785,6
0.10115,0.0049,-0.09175,5
-0.23395,0.9148,-0.995,2
1.0214,1.39625,-5.25875,3
-0.04535,-0.06385,-0.0675,4
-0.38105,0.6463,4.25215,2
2.91505,-0.9136,0.2326,2
-0.02285,-0.02885,-0.04515,6
0.04655,-0.05865,0.0155,6
-0.271,-0.05235,0.1419,5
0.0359,0.05565,-0.0088,6
-1.6993,-0.7543,1.57635,2
-0.09875,-0.01275,0.0776,6
-0.51125,2.0985,0.55565,2
0.05395,0.0082,0.0254,6
0.96935,-5.81765,6.5436,3
0.0101,-0.00455,-0.1067,4
-1.2262,-0.20835,-1.91425,3
-0.08485,0.00635,-0.12695,4
-0.16215,0.0392,0.03025,6
6.62205,-1.8602,6.33955,2
-2.5737,-4.27535,2.52495,3
-0.11985,-0.0965,0.00445,6
3.56505,-4.11265,-2.93375,1
-2.34835,1.7772,1.5018,2
0.12545,-0.03685,-0.0478,4
-0.2431,0.07715,-0.0493,4
1.5778,0.796,-0.94305,1
-0.04,-0.0143,-0.03435,6
-0.0325,0.0194,-0.01595,6
-0.04685,0.0172,0.10365,6
0.0754,-0.0452,-0.1079,5
-0.91785,5.49725,2.1045,3
0.40015,-0.03415,-0.20045,5
-1.78505,-0.4866,2.46005,2
-0.04475,-0.0332,0.08295,6
-0.33365,-3.6408,3.1794,2
-0.12055,-0.073,-0.02145,6
-0.08885,-0.0269,0.05605,5
-0.1119,-1.77965,1.628,1
-4.4434,0.5758,3.72945,1
0.33775,-0.03145,-0.24405,5
0.03205,-0.0246,0.06725,6
1.8785,-2.34195,-4.86675,1
-0.04045,-0.1714,-0.02515,4
-0.0204,-0.027,-0.03215,4
-0.0714,-0.0743,0.10705,5
0.14475,0.02685,0.1373,4
2.62655,0.29855,-5.66045,2
0.08255,-0.01045,-0.0366,5
-0.9669,-3.02085,1.62755,2
-0.4939,0.2062,0.2828,6
-2.7252,1.76365,-2.17035,3
-4.8849,-5.20865,6.642,2
0.22835,-0.0201,-0.0541,5
3.691,-3.7655,2.5084,3
-0.1035,-0.0506,0.2048,5
-0.01465,-0.07605,-0.05035,5
-0.03875,0.0734,-0.0056,6
4.82335,2.9399,11.2392,3
0.23225,1.14685,-1.8018,2
-0.24625,-0.07765,-0.09565,5
-5.3129,2.88655,-2.1263,3
0.02695,0.0051,-0.0641,4
-0.0277,-0.01485,-0.02925,4
-0.31525,3.74455,0.6186,3
-0.16495,-0.04265,0.08765,5
0.05705,0.08045,0.1188,6
-2.473,-1.39625,-1.4729,3
-0.0228,-0.049,-0.06645,4
0.0271,-0.139,0.1153,6
-0.0509,-0.00505,-0.0561,6
0.14765,0.0173,-0.05305,5
-0.1302,-0.0182,0.1132,5
0.0158,-0.0145,-0.08875,4
-0.4345,3.3757,-1.05725,3
-1.7515,-10.10555,-5.31995,1
-0.0351,-0.00585,-0.0825,4
-6.36425,-0.2453,5.24185,1
0.1109,0.0188,0.0346,5
-0.3757,0.5438,-0.14225,1
0.372,-0.0287,0.01035,5
-0.64165,1.4497,2.3855,1
0.0903,-0.4338,0.35945,1
-3.27755,2.2796,-2.25785,1
0.1664,-0.06645,0.02525,6
0.01835,0.07185,0.058,4
-1.05345,3.0316,0.80315,3
-0.69155,2.9022,-1.54835,2
-4.0555,-1.49945,2.3192,3
-0.0137,-0.0015,0.08905,5
-0.0467,2.86535,0.44795,3
0.14105,-0.03135,0.00615,5
-0.5369,3.9299,-2.4529,2
-9.36875,0.08455,-2.4184,2
-2.39205,-1.82575,0.92095,3
1.0874,3.7464,-4.2076,3
-0.0102,-0.0694,-0.03335,4
-0.0172,-0.03965,-0.1864,5
-3.18455,1.4275,3.2492,1
5.39975,-10.9223,1.716,3
2.93265,0.46165,-1.41375,3
-2.42195,-3.2706,-5.6838,1
0.2066,0.04765,-0.04385,4
0.1528,-0.00535,0.08055,5
0.47125,-4.2258,15.95,2
-0.0661,-0.02295,0.08315,6
0.18265,-0.0186,-0.0786,4
-4.9659,-0.9053,0.94905,1
0.1104,-0.03805,-0.0445,6
-0.70475,1.968,-1.271,3
-0.06885,-0.05955,0.01475,6
-4.1841,-0.38025,-4.87705,1
4.1594,1.68795,-2.61905,1
-0.3024,3.4558,-1.88145,3
-0.09415,-0.01175,-0.0362,6
-0.51775,-2.1281,0.73585,2
-3.55305,-2.7906,0.67215,3
-6.71325,-2.6357,8.2761,1
0.1102,2.45525,-2.07055,3
-0.0912,-0.0264,0.0292,6
0.65685,0.2413,-3.34735,1
-0.4873,0.0294,-0.13105,4
-0.11315,-0.07895,0.02625,6
0.01825,-0.03055,-0.0287,4
-3.95205,-1.1445,4.45135,1
-0.02015,-0.03655,0.07465,6
-1.021,2.14485,0.3993,1
2.3112,-7.89955,0.67325,3
0.07215,-0.00475,0.02625,4
-0.128,2.07315,-0.54805,2
0.0088,0.00305,0.0252,6
0.14995,1.2307,-4.1621,2
0.16565,1.91125,-4.4076,1
-0.17935,-0.0615,-0.12065,5
-10.97725,3.0136,-2.21315,2
1.73735,0.8194,-3.48335,3
-0.01945,-0.0148,0.04475,6
1.37305,2.208,-3.56545,2
0.0787,-0.064,0.06385,5
0.008,-0.014,0.07685,6
-1.054,2.1183,0.20865,2
0.0501,-0.07905,0.20825,5
0.07775,0.07425,0.07955,6
0.57095,-0.0217,0.0323,6
0.0298,-0.08455,-0.058,5
-0.0209,-0.1419,-0.09475,4
-0.80805,0.93625,-6.9468,2
-0.04365,-0.0711,-0.01125,5
-4.5044,-2.1484,2.91305,3
3.4742,0.41365,-0.2384,1
-5.74325,-2.2641,-2.16265,2
0.76815,-4.4623,-3.4558,3
0.14635,-0.0913,0.00045,6
-4.708,-3.35165,3.23865,2
-2.1362,-2.8801,1.06635,1
0.10395,1.1162,-3.2328,1
0.16485,-0.0568,-0.1131,4
-0.1572,-0.05205,0.0844,5
2.13985,-2.32255,-0.2752,2
2.13645,0.08665,-1.2748,3
-7.47055,-0.28615,-2.94185,2
0.85465,0.1492,0.01345,6
0.11745,-0.0544,-0.0059,6
-0.06115,-0.0805,0.1304,5
-0.02335,-0.00975,-0.00715,4
0.12585,0.02895,-0.2723,5
0.3142,2.2184,-4.1465,2
-0.11885,1.07595,-2.02385,1
1.64705,2.5302,-1.3427,2
-0.67985,-6.14985,5.1961,3
0.2415,0.092,0.1314,4
-0.4942,0.1482,-0.1487,6
0.98105,-0.90915,2.56925,3
-0.01815,-0.03385,-0.02805,6
-0.0176,0.01445,-0.0454,6
-0.8182,1.3609,-2.7973,2
0.10885,-0.01115,-0.0152,5
0.16815,0.04945,-0.16275,4
-5.57005,0.8293,7.39575,1
-0.21785,4.98055,-3.2354,3
-0.04965,-0.0584,0.16615,5
0.0791,0.0224,-0.0625,4
-3.03285,-0.6729,-0.0479,1
-1.1627,0.5912,-1.1862,3
-0.17695,1.39515,2.2099,1
-0.15665,0.63675,-3.41885,2
0.2511,-0.02005,0.0664,5
0.26775,0.035,-0.0399,5
-0.91525,4.8533,7.2245,3
-1.5182,2.6087,-0.67745,3
-0.1153,-0.06465,0.0911,6
-0.1268,-0.06915,-0.10035,5
-0.7617,-1.14865,0.4323,1
0.05385,-0.0373,0.04535,5
-2.73595,-0.03345,2.021,2
0.13805,0.0073,-0.00875,5
0.1091,0.39175,0.10475,2
-0.0085,-0.02555,0.0818,6
-1.1855,0.64485,-0.1354,1
0.8013,-0.24325,-0.2245,6
0.02305,0.0043,0.0065,4
0.1713,0.0597,-0.13255,5
-0.48375,2.0605,-1.59055,3
4.15535,-6.1371,-1.0408,3
-2.9519,-8.1326,-0.1203,3
-0.0271,-0.00525,0.0446,6
0.7873,-3.28005,4.85505,3
-0.10535,0.09085,0.53855,2
-0.00285,2.95685,-4.9064,3
-0.7234,-6.1552,0.6422,2
2.8742,1.9421,-1.3422,1
1.19975,-6.78795,-2.38135,1
-0.10405,-0.0125,-0.0579,5
-0.65395,0.04965,0.10255,6
0.01715,0.03625,0.0792,6
0.0569,-0.0122,-0.1931,5
0.01195,-0.05025,0.10865,6
0.07505,0.02775,-0.1167,6
0.0947,0.0217,0.0878,5
-1.4574,-3.5128,0.70485,2
2.4815,-4.82525,5.64345,2
-0.25335,-0.12565,0.19035,6
-1.43315,3.5391,2.61225,3
0.3069,0.0237,-0.04725,5
1.6459,3.75185,1.65905,3
-0.02095,0.1204,-0.1022,4
-0.0911,0.02355,-0.0422,4
0.16725,-0.0636,0.19835,5
0.011,-0.08315,-0.05065,5
0.0031,-0.82365,12.94995,3
0.092,1.21665,-3.29895,1
-1.18855,1.9205,-2.3219,3
-0.24885,0.06885,-0.1311,4
0.00705,-0.0041,-0.04625,5
0.033,0.04255,0.06485,6
0.01625,0.02725,0.03785,6
-0.1197,1.41965,-2.39515,2
-5.8929,-1.70875,0.25655,2
1.54495,-3.24025,-0.0968,2
3.53825,-1.1625,1.2141,2
-0.11485,-0.01665,-0.0074,5
-0.43195,1.6706,-0.77135,2
0.07645,-0.0302,-0.1943,5
-0.04,-0.04265,0.0614,6
0.09975,0.08395,0.0545,6
-0.41545,-1.76565,-4.6169,1
1.5067,0.8885,2.4812,2
1.90545,2.01085,-3.00745,1
0.0902,-0.055,0.0179,5
0.00415,-4.67915,1.7427,2
-0.1729,-3.02355,0.91235,2
2.3994,3.41115,-4.25575,3
0.11995,-0.027,-0.07135,5
-0.4016,0.29785,-3.7463,3
2.76565,-1.78315,1.79185,2
-0.20085,-0.0013,-0.10145,6
-0.1245,-0.0233,-0.0136,4
0.91745,2.9365,-4.4372,3
0.01215,0.05885,-0.07545,4
-2.5391,2.4433,0.46905,2
-0.10125,0.0301,0.05835,6
0.05155,-0.0769,0.13445,4
-0.03075,-0.0223,-0.0223,6
3.2174,1.12355,-2.8872,1
0.13275,0.03895,-0.0264,4
0.00765,5.96,-3.14815,3
-0.02045,-0.0261,-0.0301,6
2.3752,3.17395,4.2899,3
6.3039,2.9646,-6.10015,1
0.07685,0.0013,0.00875,4
0.05325,-0.02755,-0.0157,5
-1.44975,1.12805,0.2411,2
0.0027,-0.06125,-0.09335,4
-1.03235,1.4593,-0.36715,1
-2.0199,-0.75625,1.6968,1
-1.40095,0.4143,-1.56135,2
3.5875,-1.1393,-0.37415,2
-0.02215,-0.00375,0.03835,6
0.46655,0.71605,-0.30275,1
0.06565,0.0719,0.00475,4
0.99615,-3.03215,6.5607,3
-0.6161,0.82165,0.861,2
-2.0677,-3.75365,-0.0279,3
1.3501,0.74235,2.23175,1
1.1909,1.28195,-1.2592,2
0.2774,0.04995,-0.2097,5
-0.0156,0.0284,0.05105,6
0.00045,-0.02885,0.05465,5
2.32065,-2.47235,-1.53915,3
-0.8688,3.15685,0.44455,2
-0.2013,2.46,-3.21035,3
0.22415,-0.1089,0.0308,5
-0.2314,0.0237,-0.01595,6
3.8009,-0.36395,2.09155,3
0.45085,0.2939,-0.06045,1
0.0089,-0.01,0.0053,6
-0.0415,1.31985,-4.57465,1
0.01045,-0.04975,-0.01705,6
-1.22235,0.44795,-7.09315,1
-0.35985,-0.1579,0.04355,5
3.9618,-4.16085,-0.672,3
0.66245,-4.54585,-5.89505,3
0.34425,-0.0305,-0.0771,4
-0.91665,1.8868,-0.2171,2
-0.29275,0.0336,-0.04875,5
0.2227,1.4006,-1.2725,1
0.11615,-0.1781,5.48715,3
0.18635,-0.00665,-0.00385,4
-0.00355,0.01225,-0.0272,4
0.02485,-0.0545,0.1377,5
-0.0967,0.06675,-0.11405,4
0.01025,-0.02465,-0.01545,4
-0.4204,6.12525,-1.842,3
-0.0404,-0.1034,-0.10825,4
-0.53105,-5.25935,-4.24915,3
-0.2618,0.00595,-0.02015,6
-5.1049,-1.9003,5.74045,1
1.42855,4.4477,4.543,3
-2.65165,-1.67985,-2.86925,2
-1.6275,-1.15315,-1.4648,1
0.28025,6.7534,0.07385,3
2.0831,0.38965,2.11325,2
-0.10955,-0.06145,0.07335,6
0.1528,0.0459,0.10645,4
-0.88455,5.2012,-1.96495,3
0.01305,-0.04045,-0.01865,4
-0.0986,-0.0424,-0.0395,4
-3.89665,-0.29065,9.7634,1
-0.15895,-0.03805,-0.0334,6
1.12715,3.44875,-4.11265,3
-3.4071,0.1094,3.98055,1
0.18505,0.02185,0.0353,4
0.0615,-0.0589,0.0541,6
-0.35305,-0.92185,-0.2704,2
0.01165,-0.06005,0.00335,6
-0.0564,3.15315,0.99875,2
-0.35265,3.42625,-3.30835,3
0.80385,-0.49185,-0.23405,2
-0.0591,-0.0477,0.04825,6
0.1064,0.0817,0.13055,6
-0.5484,-2.5802,-2.94345,3
-0.04925,-0.08705,0.00465,5
1.72265,-2.52865,1.5619,2
0.5469,-8.15755,-0.9994,3
0.0476,3.2414,-2.7743,3
-0.01595,-0.05395,0.0969,6
-0.25245,-0.09705,-0.17965,4
0.5311,-0.0303,-5.4742,2
-2.09285,-1.50515,-1.8146,3
-0.02035,-0.0262,0.0184,6
0.0101,-0.0971,-0.1539,5
0.11885,-0.0119,-0.09665,5
0.12145,-0.0218,0.02275,5
0.3124,0.14745,-0.19825,5
-0.5962,2.4958,-0.58995,2
0.5673,-1.57125,0.8439,2
0.00925,-0.00965,-0.02775,6
-0.01605,-0.00045,0.13785,5
8.3405,-2.5808,6.29595,2
0.02195,-0.03765,-0.0373,5
-0.08535,-0.06415,0.02425,5
-0.4619,-0.00805,0.14165,5
0.2994,-1.9658,-1.25395,2
-0.12025,1.56725,-0.7593,2
0.1887,-0.15335,0.2504,5
0.031,-0.10995,0.1645,6
-5.07725,-1.85205,0.72105,1
-0.0074,0.00765,-0.0488,4
-0.0753,-0.07875,0.04245,5
0.3563,-0.03165,0.11435,5
-1.16165,1.7532,-1.02565,2
-5.70555,-1.53925,1.9667,1
6.3921,-7.34585,2.92915,3
0.51005,0.01035,-2.53935,3
0.36675,-2.55685,0.67335,3
-0.0607,-0.0438,0.13255,6
2.27475,1.54715,-5.10845,1
2.221,1.2738,0.04935,3
0.16605,-10.39445,0.8762,1
-2.11945,2.47185,0.67645,1
-0.06535,-0.04945,-0.02125,5
-0.1439,-0.02915,-0.0747,5
1.5413,1.94955,-2.58295,2
-0.15245,-0.0373,0.01275,5
-2.34315,0.0077,-0.69985,1
-0.05215,2.5466,-4.00605,3
0.1158,-0.0039,0.06145,5
2.71325,-9.3849,-5.2437,1
-2.36535,-1.97105,-2.71395,3
-0.42365,-0.1099,-0.06135,6
-0.1294,-0.0588,-0.11155,4
-1.03145,0.4328,-3.75105,2
0.13215,0.02085,-0.01535,4
0.62205,2.31075,-4.28215,1
0.09735,-0.0064,-0.02105,4
0.38825,-3.45685,-2.30505,3
1.1496,0.41935,-2.34015,3
-1.53875,1.46265,0.1291,1
-0.05915,0.07335,-0.2484,5
-0.05,-0.0099,0.29605,6
2.002,1.40535,-0.88205,1
-2.4939,-1.63835,-0.1142,2
-0.2487,-5.2647,0.5135,2
-5.97605,-3.54655,-5.2569,2
2.5181,0.1558,9.74515,3
0.2584,-0.0082,-0.04445,5
-0.05725,-0.05185,-0.0661,5
6.72515,-11.2493,1.33655,3
-0.4739,-0.68325,0.9078,1
-0.07365,0.05625,-0.0898,4
0.12075,0.02045,-0.1423,4
-0.6378,0.08535,-2.2641,2
0.1635,0.02085,-0.2038,5
1.9663,0.8593,0.269,2
-0.0786,-0.06265,0.0005,6
-0.07655,-0.0709,0.0379,5
0.19735,0.0239,-0.08445,5
0.1043,0.00095,-0.0011,5
0.6277,-3.78915,2.7025,2
-0.05735,-0.02435,-0.05375,5
-1.09075,4.69655,-0.2183,3
0.0001,-0.0252,0.006,4
0.1629,0.9702,-1.71565,1
0.06275,0.10325,-0.2146,4
1.98505,-6.74155,6.95775,3
-0.16985,0.1579,0.00235,6
0.33205,-0.0674,0.0978,4
0.00465,-0.04315,-0.0309,4
-0.1867,-1.482,0.1096,3
0.0686,0.0232,-0.18715,5
-0.07335,-0.0933,0.07345,5
0.60125,3.55455,-3.87035,3
0.21315,-0.06185,0.11395,5
1.31895,0.15535,-1.35825,1
-5E-05,0.0067,0.0238,5
-0.23775,-0.0948,0.05855,5
0.01295,0.06055,-0.0443,4
-1.157,-0.57745,0.72735,1
2.4109,-0.14825,7.6438,2
2.2519,-2.3812,12.2416,3
0.0506,0.0058,-0.0331,4
0.05275,0.00255,-0.057,4
-0.0563,-0.05275,0.08065,6
0.06685,-0.02605,0.0925,6
-0.0735,-0.02715,0.0137,4
0.8652,1.12,0.4375,1
0.19865,-0.0004,-0.1883,5
-1.85545,0.73845,-2.8303,2
-3.02365,-6.32985,-4.05515,3
2.14485,-5.5711,-3.6362,1
0.22835,0.0476,-0.0679,4
0.7619,4.815,-1.59725,3
-0.43395,-0.95,2.02775,2
0.1193,0.0071,-0.1304,5
3.68285,2.2573,-2.59895,1
-1.7221,-0.58735,-5.0175,1
0.00375,-0.00255,-0.0282,4
-0.0585,-12.5799,-4.41055,3
0.7565,1.0993,-0.14095,1
-0.95145,-7.73155,-6.4847,1
-0.02935,-0.01715,0.0334,4
-0.0124,-0.0891,0.0661,6
0.0599,0.18295,-0.17745,6
-1.5581,2.02245,-1.09,3
-0.9908,3.5082,2.683,3
-2.0534,-1.22035,-7.30605,1
-0.01145,0.686,7.8916,1
-0.26165,-0.13065,-0.04335,4
-0.92855,1.8392,-0.92105,2
-0.1018,0.02515,-0.15905,5
0.06105,-0.03295,0.0591,5
0.5877,-2.1198,-1.92535,3
0.03505,0.0081,-0.01015,6
-0.1498,-0.09545,-0.04035,5
4.4524,2.7878,6.6473,3
-1.98485,-1.52275,1.0947,1
-0.06325,0.02485,-0.0073,4
-0.0064,-0.05845,0.0911,5
1.52545,0.29785,9.19745,1
0.0002,-0.0672,0.05035,6
-0.11155,-0.0766,0.10025,5
-0.05585,-0.0018,0.0782,6
-0.0719,-0.0078,0.06555,6
2.7274,-5.36855,0.1513,3
0.0686,0.08115,-0.0263,4
0.2301,-0.07235,-0.1013,5
3.95945,-6.69185,-3.08225,1
0.0205,0.0348,-0.01715,4
-0.0797,1.5424,-3.3777,3
0.1219,-0.05365,-0.02845,5
-0.31465,2.77425,-1.31105,2
0.04765,-0.09375,0.03255,4
0.0678,0.00375,-0.0114,6
0.61095,0.07095,0.07965,6
-3.3268,-1.4352,-1.31785,3
-0.17005,-0.0637,-0.0629,4
-2.0077,-3.30095,-2.8662,2
0.12195,-0.0053,0.0333,6
6.08025,0.1714,-6.14405,1
-3.1495,2.47715,1.20565,2
-2.0467,3.7673,-3.10275,3
-0.21155,1.42065,-0.2875,1
0.08445,-0.04615,0.02615,5
0.2002,0.2445,-2.0808,1
0.02785,-0.05795,0.02795,4
0.07295,-0.00675,-0.052,4
-3.21465,-0.67535,-0.0098,1
0.21445,-0.0734,0.21275,5
0.1148,-0.6272,1.8403,2
0.05945,0.01815,0.00145,4
-0.1142,-0.0478,-0.04315,4
-0.4791,-5.12865,-0.66085,3
-0.9834,-0.0831,0.1177,1
-0.32365,0.56645,-0.76345,2
-0.0775,-0.07515,0.068,5
4.6568,-4.25605,2.3411,3
-7.42695,-8.8771,4.662,3
-0.0005,0.0409,0.1202,6
2.00875,1.1272,1.89335,3
-6.2332,-1.8428,1.3981,2
-0.07775,-0.09785,-0.21675,4
0.71275,1.5256,-3.3198,1
0.7207,-2.3598,-2.1955,3
-0.1553,-0.0055,0.01675,5
0.0112,-0.058,0.05675,4
-0.01845,0.02935,-0.06675,4
-0.04815,-0.1331,0.2388,5
0.78375,1.15735,-1.51945,2
-3.2255,-1.22275,-4.1919,1
-0.0011,-0.0145,-0.0441,4
7.06755,5.84635,-0.1868,2
3.5437,-2.2972,1.43855,2
0.05235,-0.14285,0.33915,5
3.17965,0.043,0.9361,2
-0.76335,1.1918,-1.27275,2
3.7943,-3.19675,-2.0534,1
-2.0267,-5.64675,-1.0022,3
0.05075,-0.04675,-0.06675,4
2.678,-5.94075,5.0789,2
-1.15435,-1.35355,-1.43855,3
-0.0319,0.0088,0.05345,5
0.08695,-0.0371,-0.1626,5
-0.2973,-0.0043,-0.1748,5
-0.163,-0.27335,-0.28005,4
-0.21425,0.24805,-5.5754,2
-0.1361,-0.19,0.0321,6
-0.4727,-12.99965,-0.6866,1
0.03655,1.2256,-2.16925,3
0.06805,-0.1039,0.08925,5
1.69825,1.99125,-3.7287,2
-0.6786,1.1639,1.12935,3
-0.069,0.0531,-0.2363,4
-0.04175,-0.00365,0.0639,6
2.01555,0.4614,-1.85085,1
-0.019,0.0271,0.05895,6
-2.66885,-2.3545,-7.6207,1
-2.3134,-2.4279,6.58085,2
2.1311,-0.3565,1.8309,2
-0.0196,0.0176,0.0913,6
-0.0259,-0.04765,0.01775,6
0.20885,1.82395,-5.08245,1
-0.01375,-0.04075,-0.0324,6
2.2559,-0.9259,5.0592,2
-0.9482,2.7831,-3.4483,2
-0.02515,-0.00965,-0.00265,6
-0.1807,-0.06555,0.0467,5
-0.70685,1.4512,-3.909,1
-0.05595,1.91555,-2.63235,2
-0.02485,0.01635,-0.0271,4
0.56915,0.3041,0.02355,3
4.2556,0.1757,0.20055,1
0.13715,0.564,-0.0199,1
0.97135,2.04515,1.0686,2
1.6441,3.0296,-2.1298,1
0.02685,-0.0087,-0.1575,5
0.338,2.26985,-1.1984,2
-0.1465,-0.0036,0.1076,6
-3.8415,-6.70995,-5.55405,3
3.17435,-2.42355,5.0455,2
0.0336,-0.05055,-0.1058,4
0.15695,0.05035,-0.09065,5
-0.9008,-2.2573,1.4441,3
0.01465,0.04875,-0.07915,5
-2.23555,-0.3512,0.95375,2
0.9862,-0.68265,-1.26315,1
0.66435,-0.24855,2.3331,2
4.10135,1.25355,5.71605,2
-0.01445,-0.0681,0.04035,6
2.48225,0.50225,1.16745,2
-0.0326,-0.0679,0.1682,5
-0.2496,0.93355,0.65695,1
-0.1211,-0.0084,0.0672,6
0.08305,0.06135,-0.2556,5
-0.1121,0.05005,-0.0403,6
0.1273,5.39975,4.1925,3
-0.03535,-0.0301,-0.0529,4
-0.15925,0.01085,-0.2128,4
-0.7713,-1.6623,-4.65445,1
0.1198,0.01325,-0.1235,5
-0.39275,-0.14455,0.27015,5
0.24565,-0.1222,0.0395,4
-0.0063,-0.01365,-0.0043,6
0.8954,1.3859,-2.85775,2
2.1099,-0.0742,13.8102,1
-0.1941,-3.5368,-0.2909,3
0.03055,-0.01875,-0.0514,6
1.0907,-0.1374,-3.0846,1
2.24055,-3.9051,-0.32285,3
3.2453,1.66575,-1.2408,1
-1.1422,0.8779,1.21745,1
0.01555,-0.0439,-0.0407,4
0.6554,1.0897,-2.1661,1
0.1425,-0.038,0.0442,5
3.2608,1.4456,-1.3357,1
-1.32285,0.7797,9.89925,1
0.34315,0.04095,-0.099,5
0.08825,0.00605,0.0296,6
-0.18385,-1.04055,-3.07135,3
-0.0461,-0.0649,-0.0239,6
-0.16535,-0.02335,0.26025,6
-0.07425,-0.06135,-0.0664,4
-1.21115,-0.6268,0.33005,1
-1.68095,0.17695,0.832,3
0.0169,-0.08855,-0.0067,4
-0.00435,-0.0747,-0.0045,5
0.06085,0.0569,0.02545,6
0.05405,0.0048,-0.06175,6
-0.14855,0.08725,-0.0744,4
-0.04815,-0.03165,0.0283,6
0.84925,2.8852,-3.0784,2
0.4195,6.7973,0.17585,3
-0.05655,-0.0218,0.02285,5
-0.83095,-2.7726,3.19945,2
-2.3517,-1.9067,9.1435,3
-0.56935,-0.14085,-1.074,2
-0.03185,-0.0541,-0.08505,4
-0.9696,4.02295,11.7969,3
-0.0201,-0.1758,0.2621,5
3.37015,3.67075,-4.37975,1
0.17065,-0.0781,0.228,5
0.3516,0.0155,0.1078,5
-1.1473,2.6068,-0.20405,2
0.0741,-0.0268,-0.0174,5
0.1264,-0.02455,-0.11865,5
0.0779,-0.02335,-0.0245,5
0.02115,-0.08595,-0.0088,6
-0.0714,0.0075,-0.0357,6
-1.66595,-2.35805,-5.118,1
1.26345,-5.4457,1.06235,1
0.1029,-0.04785,-0.05235,4
0.2021,3.1889,4.0476,3
-0.5853,1.78395,0.60625,1
1.52335,-0.21315,1.80945,2
-0.18745,-0.00875,-0.00625,5
-0.00975,0.0456,0.0343,4
-2.66685,-0.61795,-1.69575,2
-0.2008,0.0043,0.0619,5
-0.1132,-0.022,0.06915,5
0.01065,-0.01275,0.05755,6
0.10135,0.0207,0.09625,6
0.1862,-0.02245,0.0484,5
-6.4644,-1.2778,14.7,3
-0.0435,-0.053,-0.04415,4
2.0482,-1.00345,6.1336,1
4.428,-7.01585,11.5663,2
-0.47645,-0.14425,0.43435,6
-1.0719,-6.3141,2.06375,2
2.87135,-6.0904,0.36695,3
-1.54265,0.26155,1.09195,2
-0.55545,-5.04355,-4.73775,1
-0.03205,-0.01015,-0.06345,4
0.0064,-0.0528,0.04095,6
0.0207,-0.1451,0.07375,6
-1.79585,0.3013,-4.12155,1
3.95845,1.46865,-3.5392,1
-0.84645,2.6616,-3.1872,3
-1.7738,-3.22335,2.51975,2
-0.77075,-1.1529,1.238,2
-0.01095,-0.05685,0.0533,6
-1.8283,-1.53805,5.6159,1
-0.65915,0.5877,0.381,3
2.3307,1.35575,-2.8811,1
0.97885,1.4689,-1.56425,1
-0.2469,0.1512,-0.02695,4
-0.12175,0.005,0.06405,6
-4.5429,-4.8917,-0.2881,2
0.1628,-0.01355,0.03195,5
-7.00665,-7.64995,3.58415,3
-5.40435,-10.0426,1.60385,3
0.1196,0.0168,-0.16005,5
2.99705,-2.40875,5.8049,3
0.19615,0.0252,-0.0405,5
2.7424,1.6605,-2.0859,1
0.1055,-0.054,-0.2833,5
-0.1208,-0.0796,0.07935,5
0.2334,0.83235,-2.38045,1
-3.64585,-6.2059,-0.31205,3
0.10365,-0.01945,-0.05565,4
-0.0923,-0.0665,-0.08615,4
0.01415,0.00305,0.0626,6
0.15135,-0.13195,0.0725,4
0.29095,1.6758,-2.3249,2
-0.02585,-0.0152,0.0066,6
-1.1941,0.7124,0.68035,2
1.213,-5.98425,1.4503,3
-0.6222,-1.9217,-4.454,1
0.0415,-0.0143,0.0583,5
-2.10815,-0.54915,-0.2606,2
-0.0197,-0.01165,0.07035,6
0.1727,-0.12225,0.16345,4
-0.0217,-0.00775,-0.038,5
-0.14105,-0.0443,0.0678,6
-0.3082,0.08435,0.1671,6
0.28775,-0.02355,-0.0945,5
-4.21175,-0.6251,-1.7444,3
-0.14305,0.00295,0.02835,6
-0.84775,-2.1668,1.148,1
0.03865,-0.05165,0.09615,5
-1.32905,1.31905,-2.07685,1
-0.02535,-0.0126,0.065,6
0.63835,3.63105,-2.59955,3
-1.1231,-3.8716,-0.03905,2
-0.0242,0.0396,-0.02215,4
-0.0351,-0.053,0.09495,5
-0.00755,0.03375,-0.01615,6
4.7987,-0.73115,-4.7533,1
-2.1425,2.4041,0.37695,2
0.0741,0.05375,-0.0559,4
-0.02375,0.0407,0.09725,6
-0.8354,-0.4343,-0.096,2
-0.0956,-0.06065,0.1008,4
-2.11175,-3.2559,2.4097,2
-0.07465,-0.05485,-0.0276,6
-1.47195,-2.28405,5.46995,3
3.62555,-2.10935,5.28185,1
-3.31195,-5.85195,0.4809,1
-0.31175,-0.08925,0.22675,5
0.0424,0.00455,-0.03475,5
-0.0421,-0.0212,-0.06285,6
-0.07845,-0.0872,-0.024,4
-2.0821,-0.12205,0.1306,2
0.0587,-0.07385,-0.06925,4
2.8696,0.59785,0.43915,2
-0.3438,0.01365,-0.10265,4
0.10105,0.0118,-0.048,4
0.432,0.9893,-2.2679,1
0.03845,-0.04125,-0.1042,4
0.0734,-0.0482,0.10215,5
-3.041,-7.0399,-2.3479,3
3.1453,1.04085,-1.99005,1
1.2869,0.52315,-5.37555,2
-0.16205,-0.03895,0.2345,6
-0.13095,0.78605,-5.0696,1
4.99565,-9.03415,-4.05775,2
-0.0456,-0.06145,0.0355,4
0.0763,-0.01535,0.12655,4
0.0354,0.0048,-0.0073,4
-1.08305,0.69945,-0.89935,2
-2.4526,-6.55495,-3.0358,2
-0.07125,-0.01435,-0.03135,6
0.0137,-0.0144,0.03215,6
-0.07495,-0.4582,0.29555,2
0.1976,-0.0115,-0.04045,5
0.02065,0.00345,0.0085,6
4.8288,-3.02245,-2.8293,3
0.07645,0.0248,-0.0348,6
1.3844,2.63885,-1.32005,2
0.0006,0.0014,0.09865,6
-2.09565,2.69545,-1.38965,2
0.9827,0.4275,5.0175,1
-1.7536,1.84295,-3.2373,3
-0.0081,-0.0299,0.02235,5
0.06,0.086,-0.15875,4
0.2129,0.1004,-0.1762,5
0.0258,-0.0196,0.03735,6
-0.00225,-0.0259,-0.02995,6
0.09075,-0.013,-0.0174,4
-0.0452,-0.01,0.01695,6
2.45815,2.0319,-1.34005,3
-2.89845,-0.2903,2.2179,1
-2.01145,-4.0771,0.89295,2
-12.24155,1.38025,-16.5814,3
0.9831,3.4094,-4.7172,3
-0.1101,-0.11615,0.02335,5
-0.30045,-0.8228,-2.1164,3
0.20515,-0.04085,0.15665,5
1.4563,1.3611,-0.38225,1
-1.7102,-0.2701,0.2312,2
-0.38835,2.85325,-4.121,3
-0.00625,0.0034,0.0591,4
-0.42495,-0.0285,-0.0612,6
0.3812,0.18975,-3.03735,3
4.0657,0.37665,-1.94415,1
-0.06,-0.06465,-0.01145,4
0.04065,0.0174,-0.03265,4
2.35285,0.38465,-4.0427,1
0.04145,-0.0807,-0.0503,6
-0.06315,-0.0432,-0.1594,5
0.0023,-0.027,0.0579,6
-1.1752,3.30505,3.924,3
-1.8992,-1.1139,1.81525,2
-0.03605,-0.11405,-0.004,5
0.8031,2.75225,-4.26965,3
-0.0091,-0.0108,-0.0234,6
-0.91755,0.71295,-1.2575,2
-4.14135,-1.5424,0.85725,1
2.9024,0.3976,3.3475,1
-0.2719,-0.01645,-0.18135,6
0.06105,-0.02265,0.1598,6
0.43175,3.96385,-3.35035,3
-0.10315,-0.06145,0.11005,5
-1.27065,3.74815,-1.03355,3
0.0994,0.00655,-0.0934,4
-0.1472,1.57405,6.301,3
0.1327,-0.05635,-0.0598,4
3.91335,-4.5894,-0.51945,3
0.715,1.7931,0.76855,2
0.173,0.1894,-0.36355,6
-3.14075,-0.8818,2.77545,1
-0.0219,-0.067,0.05315,4
0.26165,0.0919,-0.05655,5
0.01635,-0.09155,-0.09175,5
-0.01065,-0.07395,0.2364,5
-0.44635,1.47065,-0.50965,3
-0.03745,-0.0469,-0.0753,4
0.11925,0.0356,-0.0805,4
0.0248,-0.0213,0.026,6
0.00875,0.01395,0.09805,6
-0.10075,2.2619,-3.64385,3
0.04935,-0.0359,-0.0124,5
-1.1607,1.5469,0.7601,1
-2.90525,-1.0063,-0.74425,2
0.34875,4.1119,-0.34585,3
4.24,-3.5754,-3.1411,3
-0.16485,0.0577,-0.0326,4
3.4845,0.7629,-3.4079,1
1.8169,1.224,-1.01755,2
0.00425,-0.026,-0.06335,6
-0.03575,4.5152,-2.42175,2
0.1396,0.05085,0.02695,4
-0.01185,0.10595,-0.0997,4
-3.1263,0.44835,-2.95075,3
-1.07295,3.3964,-0.481,3
-1.33585,-1.2275,-4.2102,1
-0.13195,0.0801,0.0286,6
0.07825,1.0349,-0.05785,1
-0.41635,0.7328,-3.13295,3
-2.19435,-2.36145,-2.6112,2
0.16945,0.0227,0.03675,4
-0.05295,-0.07065,0.08785,6
-0.16305,0.0322,-0.1566,4
-0.0235,1.9463,1.7297,2
-0.07955,-0.026,0.0511,6
0.0781,0.037,0.0365,4
-0.50215,3.37085,-1.64315,3
-1.70745,-3.49735,-1.6444,3
0.1151,0.6362,0.3635,2
4.4899,1.05665,-4.43675,1
-0.0686,-0.08155,-0.0507,4
-1.2596,-0.626,1.489,2
0.0047,-0.10055,0.043,4
-0.73755,2.56615,-4.20385,2
-1.57875,-0.75195,-7.454,1
0.1277,0.04095,-0.01315,4
-0.0911,0.1445,-0.0591,4
0.0111,0.0122,0.06495,6
-4.6361,1.1191,5.5005,1
-2.2773,-0.4097,-2.55805,2
0.2803,-0.0539,0.145,5
0.02115,0.0888,-0.04255,6
1.061,-9.7895,0.7625,3
-0.0102,-0.0736,-0.0016,5
-0.0932,-0.02635,-0.21475,5
-0.16525,-0.04175,-0.01185,5
-1.22445,-7.26905,-1.64725,3
-0.3197,1.05775,0.18875,1
3.5694,1.70165,-1.9855,1
1.289,0.3637,-1.22765,2
1.7585,0.08295,-1.1789,2
0.05825,0.04275,-0.04125,4
0.0484,0.0057,-0.02305,6
0.276,0.09275,-0.10345,5
0.0409,0.0584,0.00575,4
-0.01885,-0.0473,0.0787,6
0.30455,-0.04315,0.00185,5
0.5758,2.0701,-1.23385,3
-0.327,-8.4146,-2.401,3
0.0322,-0.07265,-0.017,5
0.062,-0.0075,-0.0156,4
-0.27235,1.88095,-7.42205,2
0.07015,-0.0012,0.013,6
0.0217,0.00375,-0.0103,4
-0.10725,0.01165,0.0302,6
-2.71895,2.86505,4.83085,3
0.21435,0.04735,-0.0062,5
0.096,0.005,-0.0046,4
-0.79935,-1.3098,7.8719,3
0.1162,-0.07615,-0.01835,5
-0.0075,-0.03995,-0.01305,4
-0.031,-0.05425,-0.0544,4
-0.04635,-0.0155,-0.06175,5
-0.0041,-0.0335,0.016,5
-0.075,0.03035,-0.0671,5
0.0211,-0.03665,0.0001,4
0.00015,-0.08875,0.1657,5
-2.5237,-0.132,-1.8892,3
2.7126,-2.0547,0.14155,2
0.13255,0.03275,0.03245,6
-0.07105,-0.04195,-0.04135,4
-0.7697,-1.7189,1.00855,1
0.94385,-0.6159,0.89965,2
-1.51765,2.0035,-0.1353,2
-0.4695,-1.424,1.815,2
-0.5642,-1.72275,6.13405,1
-2.3523,-1.24215,0.7263,1
-6.5517,-0.88695,9.19345,1
-1.31695,0.0411,-3.4868,1
0.02115,-0.02705,0.0115,5
-1.12345,2.58605,-4.83475,3
1.2638,1.71935,-3.10175,3
-2.95635,-0.9593,1.3396,1
-0.49995,2.5233,-1.22835,2
0.0067,0.00155,-0.0644,6
-0.2063,1.49925,0.49965,1
-0.09565,0.05795,0.0383,6
-0.05045,-0.0318,0.06295,6
0.26875,2.7375,-3.08335,2
0.9486,0.45115,-0.61965,1
-3.3707,-7.7939,1.6543,1
0.013,0.0357,-0.1849,5
-0.75555,3.99145,-2.2286,3
4.3442,2.03745,-3.73305,1
0.65195,2.1474,0.05285,2
0.02795,-0.03445,0.1053,6
3.5516,-10.40795,-0.71505,1
0.1808,-0.11015,0.2217,6
-0.25995,1.26455,-1.6676,1
0.03095,0.01685,-0.04685,6
0.02475,-0.02075,0.0104,6
0.04695,-0.05765,-0.0071,5
0.14495,-0.0607,0.0445,5
0.0666,-0.08435,0.0813,6
-0.00045,-0.0013,0.03305,6
-0.0353,0.0064,-0.04855,6
0.0073,0.01885,-0.29055,5
1.66925,3.10795,-4.93305,1
3.2387,-7.08435,-4.4357,1
-2.18715,0.30765,-4.0974,2
2.51135,4.28665,2.9549,3
-2.3579,-5.50805,-4.1294,2
0.24245,1.9173,-2.941,1
0.05705,0.0548,0.0372,4
-1.8216,-0.21675,0.99275,2
-2.4708,-7.2411,-1.4578,3
-0.6856,0.75785,-1.6343,3
-0.1493,-0.08365,0.04195,6
1.66805,0.19625,-2.2718,1
-0.04525,-0.04145,-0.0032,4
0.7691,1.02335,-4.0056,2
-0.09065,2.8324,-3.60115,3
-0.08265,-0.04905,-0.0464,6
-1.37045,3.1978,-3.83835,2
0.1048,0.02775,-0.0183,4
-0.1032,0.0088,-0.00435,4
0.1071,0.0315,-0.02735,6
0.0625,-0.03595,-0.00935,4
-0.09745,-0.0843,0.02665,5
0.23925,1.7541,-2.81385,1
0.07335,-0.02425,0.0527,6
-3.4828,-2.05275,-1.47475,1
0.2631,2.6469,-3.298,2
-0.07955,0.04085,-0.02945,4
1.9168,3.2851,2.2127,3
0.02015,-0.0621,0.00155,4
-0.01495,0.05385,0.03795,4
5.11505,2.3628,5.2851,3
2.39565,-2.77335,1.89905,1
-0.07555,-0.64455,0.5758,2
-0.0304,-0.25185,0.03565,4
1.8938,2.0537,2.4351,3
1.6733,-2.0779,-1.35905,3
0.05375,-0.0397,0.0261,5
-0.0602,0.0039,-0.0071,6
1.1271,1.2559,-3.52465,2
0.0037,0.02765,-0.06115,4
-1.6674,1.78,0.698,3
-3.1852,-1.1974,2.04515,1
-3.7115,-8.18295,2.4452,2
-0.6713,-0.82195,5.66985,2
-2.62495,-1.6511,3.0379,1
0.0124,0.0227,-0.03855,4
0.1623,0.00455,0.04115,5
0.5905,-4.353,1.9236,2
0.0786,-0.02375,-0.127,4
-0.87575,0.91265,-2.9988,2
-0.4015,-0.562,3.4161,2
0.0112,0.0272,-0.0399,4
-1.36945,-0.40875,-1.1434,2
0.1378,-0.0236,-0.1171,5
-0.714,1.52385,-2.97515,1
0.005,0.0659,-0.13885,6
-2.1657,0.87535,-1.2067,2
0.4582,1.5,-3.61405,1
-0.8496,1.2769,2.7453,1
-0.14355,-0.1226,0.0447,5
0.29385,2.2403,-4.22585,3
0.0654,0.02625,0.0145,4
-0.0759,-0.00775,0.0976,6
5.0332,-2.03955,4.7403,2
1.19905,-2.5375,3.10285,3
-0.02585,0.0781,0.04905,6
-0.07185,-0.1148,-0.0407,4
-0.20715,0.02165,-0.0548,6
-0.0351,-0.0302,-0.1281,4
-0.03725,-0.03095,0.1174,6
0.3271,0.07115,0.07475,4
-0.0015,0.00855,0.1105,6
0.53585,5.71775,-1.97235,3
-1.4476,-1.3697,1.68305,1
0.01395,-0.00215,-0.0772,4
1.2119,2.6333,-3.9699,3
0.22445,0.00705,0.18845,4
-0.0143,-0.00425,-0.00285,6
-0.1113,-0.07585,0.0118,5
0.0388,-0.1092,-0.0621,4
0.4414,-5.0896,-2.1932,3
0.0058,0.0555,-0.03645,4
1.2083,0.6062,2.69785,1
-1.64975,-0.0275,-4.97105,1
0.0116,-0.0623,-0.0483,4
0.07655,0.01345,-0.19675,4
-0.3548,-0.12925,0.1987,6
0.0126,-0.05875,0.02885,6
0.2045,-0.11295,-0.04185,4
0.0833,-0.0029,-0.10815,5
0.01445,-0.0171,-0.0623,4
0.284,-0.16475,0.04285,6
-0.66375,-1.03555,1.1877,2
1.3043,-2.27265,-2.8032,3
0.04885,0.05565,-0.1378,5
-2.632,-2.0982,-6.27565,1
0.0897,-0.0575,0.0166,5
8.9231,6.50135,-0.2096,2
-2.9399,0.25295,-7.48285,1
0.1155,0.05165,-0.0602,4
0.292,0.0672,0.00865,5
0.386,0.00695,0.4855,1
1.6989,1.0418,6.328,1
0.0793,0.0181,-0.08845,4
0.06295,-0.08095,-0.1408,4
0.02485,-0.0173,-0.0235,6
0.0277,-0.0662,0.1417,5
-0.3146,-0.2022,0.21255,5
5E-05,-0.0518,-0.01325,4
0.03165,-0.0046,-0.0642,5
-0.1952,0.08245,-0.05725,4
0.01995,0.0658,-0.2007,5
0.10145,0.04935,-0.09115,5
-0.3854,0.03755,0.08995,6
-0.04525,-0.03825,-0.04595,4
-2.6386,0.8308,3.5028,1
3.4825,-2.6029,-0.7307,2
3.01985,-0.6233,0.2121,1
0.20325,-0.0857,-0.10225,4
0.01705,0.0385,0.01225,5
-0.4013,0.16275,-0.2445,6
0.00175,-0.0362,0.0424,6
1.7203,1.53735,-4.33755,1
0.15295,-0.03095,-0.05315,5
-0.0491,0.1182,-0.08945,4
0.17965,-0.06325,-0.0834,5
-0.11335,0.0153,-0.13545,4
0.05075,-0.02205,0.03715,6
2.3216,2.65725,-3.538,3
0.6705,4.4287,-2.74085,3
-0.1346,-0.00215,-0.04795,5
-0.11875,-0.0059,0.00905,5
0.01105,0.01105,0.05635,5
0.1311,-0.06355,-0.152,5
0.03265,-0.04435,0.0047,5
-4.80025,0.8791,4.66795,1
-0.84625,-2.36435,2.70335,2
-0.19795,0.03715,-0.01885,4
-0.0611,-0.06785,0.09165,5
0.026,-0.1422,-0.0552,4
1.5149,0.85405,-5.34655,1
-0.5833,4.26795,-2.78065,3
0.06645,-0.09715,-0.0691,5
-1.08045,2.84505,-0.35015,2
3.7458,-0.00455,-4.43395,2
0.01025,0.0052,-0.0288,6
-0.3056,0.0291,-0.1137,4
0.09555,-0.0548,0.1023,5
0.16905,-0.0553,-0.10525,4
-0.0259,0.0692,-0.3142,5
-0.10165,-0.11685,0.29685,5
-0.41175,0.92715,-0.05565,1
-0.0301,0.03945,0.001,6
-0.3085,-0.1831,0.0845,5
-0.0061,0.13665,-0.0537,4
2.59025,1.3591,-5.7382,3
-0.0885,2.46795,-0.04125,2
-0.84425,-3.0668,1.9079,2
0.02315,-0.0025,-0.038,4
0.88245,2.5401,-2.21975,3
-0.0833,-0.021,0.0049,5
0.076,-0.0416,-0.0855,6
0.0423,0.0442,-0.0114,4
0.10375,0.19855,0.0095,6
0.0982,-0.01095,-0.0399,5
-0.6185,-1.0723,1.95665,2
-0.0237,-0.1088,-0.08355,4
0.005,0.0711,0.08495,6
-1.1119,1.9067,-3.39345,2
0.5832,1.08195,-3.40505,3
0.00975,-0.00695,-0.06885,4
-0.19465,-3.8688,0.63895,2
-0.6211,0.5146,1.4831,1
-0.1893,-0.1221,0.18935,5
0.0076,0.01975,-0.2123,5
0.08125,-0.09935,-0.2263,4
-0.9741,1.58095,0.30295,1
1.8724,2.65115,-1.65675,2
-0.3827,-0.1099,0.18145,5
7.5891,-10.94255,-9.5919,3
-0.83895,0.78785,0.65845,1
0.2558,0.07525,-0.08285,5
0.09695,-0.0072,0.02875,4
0.30205,0.01005,0.08735,4
-1.41265,-2.18815,0.1315,2
0.33,-0.02485,0.02525,5
-2.61305,1.79255,-1.18175,2
-0.21845,1.26155,4.83065,3
-0.06515,-0.04405,-0.02885,4
2.4929,-6.1552,1.5046,3
0.1557,-1.01505,0.01685,1
0.0391,-0.04175,-0.021,4
0.1556,0.1024,0.04055,6
-2.0409,-5.0517,-1.7398,3
-3.46015,-0.6251,-6.8508,1
-0.02175,-0.1225,-0.07905,4
-0.37385,-0.07985,0.07785,5
0.1662,-0.11005,-0.12385,6
0.1003,0.0328,-0.0081,4
0.2006,0.0509,-0.1142,5
-0.1117,-0.15945,-0.01325,4
-1.0876,1.48105,-4.7293,2
0.4517,-7.4094,0.3914,3
-3.7877,1.2655,2.7741,1
-2.6842,-2.91185,-5.35815,1
-0.0768,-0.072,0.07305,5
0.10505,-0.0501,0.05145,6
-1.5223,-4.73765,1.2742,1
-7.1634,0.87655,14.8397,3
0.79,3.6301,-1.26025,3
-0.17345,-0.05745,0.1526,5
-0.81885,-0.1839,-1.4954,3
-1.14725,0.90145,5.57915,3
-5.27715,0.61465,9.38125,1
1.5905,1.62585,-2.3121,2
-0.11245,-0.90555,0.8121,2
0.0703,-0.0301,0.0043,5
8.51155,-3.7366,9.19885,3
-1.17685,1.05005,-0.15155,3
0.94645,1.33565,-2.2659,2
-0.1965,-1.85525,-6.27915,2
-0.00435,0.0304,-0.0199,6
0.04025,0.0364,-0.0742,4
-1.13565,-1.0119,0.9565,1
-1.6919,2.854,0.17525,2
2.8316,-1.5673,-3.89655,3
0.05875,-0.09005,0.15585,5
-0.0975,-3.29755,2.8946,2
-1.6856,0.7477,4.7185,3
1.02875,1.77805,-2.32315,3
0.12855,-0.12715,0.34755,6
-0.1084,0.0219,-0.0694,6
-0.07175,-0.0837,-0.07395,4
-5.11295,-3.70145,2.66325,2
-0.05055,-0.0301,0.0842,6
0.8799,1.9116,-4.32115,3
2.45605,-2.8102,3.0849,2
0.21795,0.0255,0.01305,6
-0.3442,1.7752,-5.9569,3
-0.36385,-0.0063,-0.1331,5
0.03235,0.01005,0.09055,6
0.0965,0.0088,0.01925,5
-0.0689,-0.03275,0.24005,5
-0.13385,-0.08095,0.1666,5
0.2847,3.1177,1.6524,3
0.1145,0.03465,-0.168,5
0.20985,-3.2578,1.8626,2
-0.1101,-0.0551,0.0261,6
-0.7098,3.09245,-1.3787,3
-0.4058,2.53255,-0.71915,2
-0.0882,0.03075,-0.01025,4
0.06595,0.03235,-0.1141,5
0.0982,0.01215,-0.16865,5
1.34045,-0.03305,-0.5323,2
1.67785,1.4051,-2.0159,1
0.0643,-0.06625,0.0355,6
5.6001,-8.63605,2.73625,3
-0.01375,0.0247,-0.0431,5
-1.7497,-0.2701,-4.98805,2
-3.00555,1.6036,0.13815,3
0.04345,0.0238,-0.12235,4
-0.0552,-0.0946,0.10465,6
-0.39945,1.8199,-4.6201,3
-0.00385,-7.80635,2.06325,1
-0.10965,-0.04155,0.0808,6
0.87595,1.0783,-4.40995,2
0.8781,0.22905,-3.2795,1
0.84715,0.68115,-0.0864,1
-0.62925,2.2034,0.596,2
-1.2305,-2.7708,1.52835,2
2.2438,-11.4886,-7.78065,2
5.13215,-2.35025,3.8375,2
0.1559,-3.3198,-0.8287,1
-4.6402,-2.24865,-0.14435,1
-0.10665,1.5366,7.4707,1
0.01785,-0.04955,-0.0794,4
-1.11285,2.19905,0.1123,1
0.7915,1.2173,2.4072,1
0.13075,0.06715,-0.1362,5
0.52745,4.64485,4.12245,3
7.62655,-13.62015,-12.1487,3
0.06495,0.023,-0.1317,5
0.39605,4.5131,-1.852,3
-0.0405,-0.00805,-0.01915,6
0.0255,-0.0056,-0.1194,4
-0.6481,-1.4573,-3.6025,3
0.26445,-0.0988,0.0016,4
1.90825,-0.6962,-2.0629,3
0.05945,-0.0095,-0.0314,4
-0.1123,-0.0546,-0.0849,4
-2.1701,0.79605,-0.58475,3
0.09605,1.39915,-0.2588,2
-0.1981,-0.0378,0.09295,6
0.3683,0.0709,-0.19045,5
0.14555,-0.07555,0.1641,5
0.0362,-0.0605,0.0798,5
6.0197,0.11085,-6.66775,1
0.10055,-0.08645,-0.0301,4
-2.5828,-2.16325,-6.23535,1
-0.0238,-0.04735,-0.13835,4
-0.16195,-0.0376,0.09885,5
-0.0597,-0.02005,0.0614,6
-6.3184,-1.6266,-0.65385,2
-0.0119,-0.13115,-0.06025,5
-0.2774,-0.06495,-0.00645,5
1.7748,-1.53635,-3.00655,3
1.3167,4.94165,-3.47765,3
-0.00045,-0.03325,-0.08825,5
1.8979,0.8089,1.56655,3
0.07005,0.02025,0.0823,6
-1.8371,0.9133,1.981,1
-2.377,0.41155,3.8841,3
-0.0198,-0.0485,0.02155,6
1.2544,-0.3662,-0.53475,3
-2.48195,0.8445,-3.55035,2
-1.5643,2.4165,-0.41425,2
0.0794,-0.0182,0.03445,4
-0.3917,0.2968,-0.3767,1
-0.46385,-0.10825,0.13015,5
-0.13445,2.7607,0.3666,3
0.06965,-0.07965,-0.03655,4
-0.092,0.06895,-0.1109,6
-0.05,-0.09035,0.2092,5
0.0501,-0.0551,-0.04435,4
0.49215,1.1384,2.05555,3
-0.39925,0.3606,0.03925,1
0.00905,-0.03085,0.0564,6
10.7312,-8.6897,9.5453,2
-1.8338,-0.87785,-1.37205,2
-0.0462,0.04165,-0.0706,6
1.91835,-8.04185,-2.7717,3
-1.069,4.7021,5.70905,3
2.48015,-5.0334,7.08755,3
-2.0372,-4.03005,1.6842,2
-2.3258,-1.15565,3.4623,2
0.43425,0.5361,-1.7271,1
1.71,-12.68765,-0.638,3
-3.17065,-0.6382,-0.54865,3
0.07805,-0.08775,0.02245,5
-0.7352,1.45435,-0.261,1
0.0464,0.03835,0.06215,6
-1.85405,-0.28485,3.21555,1
1.20995,0.78775,-3.9238,3
0.0009,-0.00735,-0.06915,4
-2.07955,1.3233,-3.0237,2
0.6314,0.6335,4.1946,1
0.68305,-2.8628,4.89805,3
-1.0384,1.0235,-5.95165,2
0.6696,1.00505,0.97835,2
-0.133,-0.0566,0.00035,4
-0.03495,-0.0898,-0.00535,5
1.04245,2.90475,-4.12685,1
1.6177,-0.86905,-5.97725,2
-1.7334,0.8471,-2.9022,3
-0.10135,-0.0585,0.088,6
0.15555,0.04775,-0.1091,5
4.43055,-4.8932,-0.63705,1
1.01545,0.4269,-1.04395,2
-0.3372,0.6205,-1.52005,3
0.08255,0.0294,-0.00195,4
-1.45185,3.7529,3.24545,3
-0.0174,-0.08215,0.06745,6
-1.79275,2.5603,0.54425,1
0.1225,-0.03915,0.0478,4
-5.3741,0.26415,8.39845,1
0.15215,0.0508,-0.04825,5
0.07,-0.03795,0.03975,5
-1.7678,0.01455,-3.7587,3
-2.43225,-0.7137,-2.4125,2
2.8383,-2.29345,-0.1776,2
-4.4611,-3.46535,1.47475,3
0.1094,-0.02485,-0.00435,5
0.07455,-0.1025,-0.07575,4
2.5467,0.9747,-4.5262,1
-0.2424,-0.06815,-3.20335,2
0.3975,1.66485,-3.35785,2
1.07015,4.79955,9.18125,3
0.05675,0.01045,-0.06085,5
-0.4718,0.30115,0.03765,6
-3.1124,-0.2344,2.66945,1
0.01655,0.00625,0.03365,6
-0.0447,-0.1538,-0.0689,4
-0.0171,-0.0462,-0.0133,4
-0.07555,-0.06,-0.1625,6
-0.1182,0.049,-1.52945,3
1.6774,0.40325,-1.3315,1
-0.0577,0.0719,-0.04815,6
-0.1301,0.00785,0.01265,6
-0.0855,-0.022,-0.10895,5
-0.0704,-0.04835,-0.0471,5
-1.5426,-2.85475,0.305,2
0.02325,0.0487,-0.14705,6
-4.0002,-2.625,-2.407,2
-0.04415,0.05385,0.00135,6
-0.0794,-0.1042,-0.01565,4
-1.27825,-3.26865,-0.1492,1
0.7935,-0.1299,-0.19355,6
-0.0454,-0.07465,-0.035,6
0.2653,-0.1183,0.0947,5
-0.01185,-0.11545,-0.02845,4
-1.8929,-0.17575,-6.0934,1
0.1011,-0.03595,-0.0606,4
0.3741,0.074,-0.31725,5
0.8856,-0.33425,-0.207,6
0.21395,-0.04235,-0.077,5
2.6822,-5.69155,-2.4137,1
-0.0511,-0.04565,-0.00295,5
0.0175,0.0139,0.0149,4
-0.197,-1.3584,-3.29725,2
-0.0119,0.0014,-0.07105,4
-0.01625,0.06305,0.14645,6
-0.5669,1.22045,-4.16045,1
1.4009,1.4038,7.35615,3
-0.12305,0.0255,-0.0734,6
0.12655,-0.0385,-0.05555,5
0.33425,3.30665,-3.13515,3
-0.7636,-0.95175,0.77595,2
1.5352,0.3927,-2.8098,3
0.92155,1.0556,-2.9192,2
0.00425,0.0629,-0.09975,4
0.569,-0.4332,0.0713,2
1.66345,0.88775,0.7776,1
-1.41735,-2.77865,-0.7558,2
0.0559,0.0667,0.1156,4
-0.1373,0.0316,0.00065,4
-0.17195,2.96945,-2.0401,3
0.60755,-0.51445,0.76055,2
-0.41805,4.4548,-3.40835,2
0.01255,0.0272,0.01325,6
-0.05425,-0.01285,0.0031,6
0.0494,-0.0779,0.05995,4
0.14955,-0.03615,-0.1756,6
0.027,-0.10535,0.09635,5
0.2354,-0.0339,-0.0345,5
0.6577,-0.9547,-1.05855,2
-0.018,-0.09085,-0.0247,4
0.5491,6.014,0.79805,3
-2.58945,1.45045,-3.8938,2
0.04245,-0.0094,0.0243,4
-2.51515,3.4746,-1.62655,3
0.1796,-0.01605,-0.141,5
-0.0725,-0.02485,0.0233,6
0.2231,3.58245,-5.24995,3
-0.00535,-0.03175,-0.1671,5
-0.60195,-5.26885,-5.4264,3
0.1097,0.01245,-0.0133,4
-2.48215,-2.1903,2.255,3
-0.11155,-0.0218,-0.0006,4
-0.0476,-0.04815,0.1164,5
0.04825,-0.00745,-0.08295,5
-0.08595,-0.04185,0.0431,6
-0.3389,-0.8632,-2.14415,1
0.19675,0.0308,0.05055,5
0.14435,-0.02675,-0.22995,5
-1.3403,-0.4477,-1.1954,2
0.0943,-0.0347,-0.16825,5
2.6457,-5.5847,1.9582,3
3.4422,-1.69125,3.3125,3
-0.6455,-0.73615,-2.14045,1
2.08655,3.169,8.50855,3
-2.6049,-0.21325,-2.246,3
0.0563,0.40935,-3.78405,2
-3.5913,-0.5522,4.8333,2
-0.0135,-0.00765,-0.0165,6
0.10715,-0.0866,0.1308,5
0.0971,-0.0366,0.08335,6
-0.4359,3.7121,-1.7169,2
8.72885,-5.3346,6.885,3
-0.08265,0.01545,-0.1156,6
0.1061,0.02815,0.07185,4
3.61715,1.56395,-3.2689,1
-2.17595,-2.873,-6.6529,1
0.09745,-0.01025,-0.01585,5
0.05885,1.7295,-1.9889,1
-0.05175,0.00515,0.0362,6
-0.8851,-2.1331,0.4165,1
0.2465,0.0364,-0.02265,5
1.64865,0.52365,-2.00645,1
4.6819,-2.03025,2.6714,2
-0.0077,-0.02075,-0.00435,6
0.3641,-3.1668,-1.03225,1
0.20245,-0.0245,0.0435,5
0.02715,-0.0065,-0.0217,4
-3.04495,-5.92275,-1.19495,2
0.02695,0.01215,-0.07465,6
1.15345,-10.57305,-1.9923,1
2.70445,-6.64535,-3.33825,1
0.0231,0.06365,0.0437,4
0.3977,0.0612,-0.15095,5
0.05035,0.21875,-0.07615,4
-0.0058,-0.0721,0.02185,6
-0.14825,0.0216,0.04605,4
0.06405,-0.1064,-0.04235,4
-0.2311,0.5531,2.05315,2
-0.02345,-0.0251,-0.08675,4
1.54395,0.89165,-4.95565,3
0.13015,1.56455,0.83295,2
4.43565,-2.28195,2.1191,3
-2.4567,1.42905,-3.4635,1
-1.7379,2.3738,-3.84725,2
-0.1539,-0.0248,0.07105,6
-0.85315,0.9894,-1.6501,1
-0.04165,-0.06555,-0.05155,5
0.19205,-0.07225,0.01975,5
-0.0305,-0.085,-0.0407,4
0.07705,-0.06195,0.03085,5
-2.2671,0.0319,2.3162,3
0.62775,3.8858,-1.81695,3
0.0702,-0.04925,-0.01035,4
-0.0178,-0.0998,0.07255,6
-0.0576,-0.08915,-0.0456,4
1.0989,-5.07495,4.4516,2
-0.09565,0.0209,0.06795,4
0.001,-0.0209,0.03055,6
2.04305,1.82885,-3.1501,3
-0.0203,-0.0319,0.02715,6
-0.1113,-0.03065,0.03425,6
-0.79325,-0.90305,-2.62905,3
0.1069,-0.1173,-0.1888,4
2.05205,1.3398,-1.4721,2
-1.88735,-2.0574,-2.70075,3
-0.02255,0.00755,-0.00245,6
-0.11745,-0.04535,-0.02555,5
0.32945,0.0202,-0.08285,4
-0.0105,-0.03885,0.07835,6
2.9758,-1.63275,2.78395,1
0.28255,1.31625,-1.715,1
-0.22265,-0.10335,0.0067,5
-3.824,0.839,-3.2136,2
0.411,6.8502,-0.83735,3
0.03135,0.0096,-0.0508,4
0.0278,-0.0171,0.0477,5
-0.0969,-0.0738,0.05375,5
4.1163,-7.8709,-2.08755,3
-0.0503,0.02405,-0.0129,4
-2.2468,1.0602,-1.94075,3
0.00875,-0.00055,-0.04015,6
-0.1537,0.00215,0.01605,5
-1.27465,-2.2644,-0.6339,1
0.00145,-0.12505,-0.0105,4
0.09775,0.6431,-4.89605,1
0.36375,0.04905,-0.10425,5
-0.1626,0.0011,0.06025,6
-0.0044,-0.0315,-0.1649,4
-1.098,0.7039,-0.48115,3
0.01965,-0.0504,0.0836,6
0.1677,0.05945,0.12175,4
-0.0827,-0.08645,-0.0659,5
0.0362,-0.05885,-0.0472,6
-2.18755,-1.20715,-0.0235,3
-4.4648,-0.6113,7.4559,1
-0.073,-0.0599,-0.04835,4
0.13655,-0.0512,-0.01025,5
0.22865,0.032,-0.12495,5
-0.06615,-0.05575,-0.09795,4
0.01645,-0.0528,-0.0824,4
-1.2568,-1.40185,3.7041,1
-0.05175,-0.0223,0.1813,5
0.11375,0.02515,0.1239,5
-1.47265,1.85285,-0.7906,2
1.8053,0.1229,-0.4661,2
0.13105,0.0209,-0.06715,5
-1.34995,1.8902,-3.12605,1
0.18785,0.0335,-0.11445,4
-0.0024,-0.0889,-0.05055,4
0.0829,0.05085,-0.1089,4
-4.9481,-1.57655,6.865,1
2.5738,-0.60595,1.6778,2
-0.0876,-0.07195,-0.1317,5
0.0569,-0.02335,-0.1196,5
4.3653,-6.32535,2.53535,2
-0.45595,1.15425,-0.44625,1
4.32595,-3.366,-1.3149,2
-0.77385,0.8021,-0.4767,1
-2.73375,1.2499,-5.281,2
-0.09945,-0.02765,0.04045,5
-0.74375,-0.08,0.17555,6
0.98245,5.3868,0.30835,3
0.17,-0.05515,-0.0132,5
0.34595,0.00355,10.7208,3
-0.04315,-0.04895,0.12975,6
0.6557,-1.71695,-1.71365,2
-1.0613,0.73555,-2.5135,1
-0.80075,3.6432,-2.3687,3
-0.92635,2.9892,1.1063,2
-0.0089,-0.0242,-0.02585,5
-0.15015,-0.0509,-0.15205,4
-1.4885,-1.00535,0.728,1
0.4888,-2.17325,0.8177,2
0.01615,-0.07435,0.05405,4
-1.1104,-0.6278,3.1369,1
4.4291,2.68235,-5.7723,1
0.0475,0.02075,-0.0525,4
-0.7704,-0.22865,-0.8512,1
0.60005,0.0105,3.60115,1
1.1964,2.62845,0.3194,3
1.29845,0.44565,-3.91045,2
-1.49135,1.69305,-0.6539,1
-0.21525,-1.35945,3.5218,3
0.54175,-0.887,-1.80655,1
-0.23185,-0.0808,0.0787,5
-0.6969,0.1083,-4.07155,3
-0.0597,-0.19395,0.14475,6
-0.0032,0.00395,0.0103,4
0.0036,-0.008,-0.0747,4
0.0495,-0.02105,0.1057,6
-0.01055,0.04055,0.0404,6
-0.0477,0.0262,0.0336,6
0.0096,0.1011,-0.0416,4
0.22595,0.03565,0.11925,6
0.019,0.07615,-0.08045,4
0.05465,0.0229,-0.03455,4
1.1949,0.9319,5.40685,3
0.05015,-0.00085,-0.1091,4
3.43365,-9.4028,-0.9778,2
0.0483,0.0185,-0.0113,5
-0.48685,1.0753,-3.623,3
-0.3448,0.9213,0.0671,1
-0.0202,-0.02285,-0.02745,5
-0.07515,3.8787,-3.83475,3
-0.11725,-0.03045,-0.07235,5
-0.47375,-1.9653,0.24905,1
-0.38895,0.5159,-0.5637,1
0.07625,0.0073,0.0366,6
-0.04465,-0.022,0.1236,5
0.06125,-0.03055,-0.2606,5
-2.324,-0.88255,2.3537,2
-2.41045,-1.4249,-1.3929,1
0.0941,-0.0351,-0.17925,5
-3.8135,2.0036,-2.9429,3
0.01755,-0.03405,0.0666,5
0.04425,0.01855,-0.0934,4
-0.0625,-0.0605,-0.00835,5
0.05325,-0.0151,-0.0824,5
0.01805,-0.05795,0.0189,5
1.70755,0.5338,-0.41785,1
0.05495,-0.02965,-0.02325,4
0.0681,-0.0272,0.09335,6
-0.0072,0.02505,0.0992,6
-0.12555,-0.05135,-0.05235,5
-0.09165,0.0084,0.28545,4
2.12795,0.7359,-2.8957,2
0.08355,-0.0417,-0.0714,4
-0.415,2.3178,-0.44875,3
0.7635,4.7341,3.7391,3
-1.1968,0.23825,0.11625,2
-2.36285,4.89295,-0.15175,3
-0.0035,-0.0094,-0.02045,5
0.72915,1.70155,-3.6175,1
0.00215,0.03205,0.07045,5
-2.18835,1.27845,2.032,1
3.73425,0.7493,3.18265,1
-2.00155,-6.3386,1.85265,2
-2.89515,0.45925,-2.83165,2
-0.6355,-0.89105,-0.21665,1
1.0851,0.47995,1.87115,2
2.29695,-8.19775,-3.2878,1
0.2458,-0.1231,0.0197,6
2.411,0.0112,-4.9149,3
0.1838,-0.031,0.0283,6
-0.5209,0.29905,-3.8413,2
-0.106,-0.12235,0.2458,5
-1.6556,1.8848,-6.3918,3
-1.06545,0.9404,-2.6699,3
1.37985,0.5732,2.66015,1
1.8497,0.4889,6.686,1
1.94105,0.91815,4.88585,1
-0.17235,1.6179,-2.1689,3
0.86475,5.36135,1.91425,3
0.18345,-0.0092,-0.0946,5
-0.01925,-0.04065,-0.04405,4
0.00945,-0.0794,0.00015,4
4.40855,-6.09545,-1.64155,3
0.00655,-0.0754,-0.0844,4
-0.7294,-4.2441,1.5192,2
0.403,-0.2488,3.6021,3
0.21845,-0.15975,-0.10225,6
-1.0657,0.56525,-5.1,2
2.457,3.5962,-4.00385,3
-0.04985,-0.06535,0.19525,5
-3.63685,-0.1756,3.7979,1
0.0721,0.023,0.08545,6
-0.6063,2.40255,-3.42775,2
2.6974,-2.7925,1.34715,1
-0.0988,-0.0162,-3.77665,2
-0.2005,-0.10715,-0.2136,4
0.4798,0.91295,0.13675,1
0.0056,-0.0524,-0.08695,4
1.82885,-1.5239,3.22135,1
-0.3972,0.2277,0.0982,2
0.2132,0.00065,0.0264,4
0.00455,-0.0054,0.00185,4
0.0592,0.03275,0.08055,5
-0.36435,-5.4038,0.37405,2
-0.2653,-0.07765,-0.12185,5
0.01855,-0.06115,0.05305,6
-2.76765,0.242,-6.7472,1
0.01545,-0.03725,0.0148,5
-2.73625,-1.6834,7.65715,1
-3.09215,-3.00075,-0.3415,3
0.2013,0.02325,0.0424,5
2.52965,-3.23455,-1.79755,1
-0.0259,-0.0076,-0.0139,4
0.2134,-0.02335,0.0259,5
0.10985,0.01055,-0.1125,5
-3.01555,2.17125,-2.6365,1
-4.54985,-0.66285,-0.915,2
0.14565,0.09075,-0.1663,5
0.30045,-0.1053,0.0769,5
0.0912,-2.12145,4.8242,2
0.4762,1.20645,-1.53985,2
-1.7386,-3.34925,0.3318,3
0.1443,0.0038,-0.11275,5
-0.41085,1.3895,1.52655,1
3.64925,1.97935,-4.8513,1
4.06045,1.9011,4.9268,3
0.3799,0.0455,-0.0118,5
0.4263,-0.0043,5.4953,1
0.77695,5.0996,-4.357,3
0.1205,-0.06195,0.065,5
1.726,1.36835,-4.93385,3
-0.08515,0.01965,0.0865,6
0.2452,-0.0001,-0.1282,5
-1.5692,-0.86675,4.51325,1
-0.18645,-0.00945,-0.04925,5
-0.4621,2.1068,-0.9774,2
-0.0309,-0.04945,0.0853,6
0.0316,0.00315,0.09595,6
0.0995,-0.05405,-0.0432,4
1.38,-3.5628,-0.6057,2
-0.7107,2.12265,-3.7227,1
-2.9482,-0.11745,4.1074,1
0.11445,-0.0005,-0.0188,6
0.03005,-0.04275,-0.1038,4
-0.71445,-10.64305,2.9148,1
-1.3769,0.1333,-4.84555,2
0.0806,-0.0994,0.208,5
7.2708,-0.4303,3.0714,1
1.7362,2.90425,-2.39205,2
2.872,2.8537,-5.1958,1
0.03415,-0.02065,0.0325,5
0.00275,-0.0294,0.0082,4
-0.1927,-0.05385,-0.0699,5
-0.2324,0.0461,0.03965,5
-0.22085,0.08295,0.20435,6
0.1378,-0.0128,0.031,6
0.0427,0.0286,0.0514,6
-1.0274,1.06355,-0.8267,1
-0.7567,0.67765,1.46515,3
-0.5176,0.0497,-1.5677,2
0.29285,0.0005,0.05295,5
0.1496,-0.05695,0.21705,6
0.0651,0.10235,-0.30455,5
-0.1069,0.0708,-0.00865,4
-0.54715,3.6328,-4.6155,3
2.45815,1.6367,-2.07195,1
0.03385,0.00655,0.0499,5
0.7181,1.9256,1.46085,3
0.20985,-0.0878,-0.05335,4
0.1053,-0.0795,-0.08125,4
-0.24875,0.06065,-0.2052,5
1.9298,1.9596,-3.19745,1
-1.43955,-0.13875,1.6917,2
-3.61105,1.87305,4.7732,1
-0.9213,-0.66245,-5.69485,1
-0.01355,-0.02915,0.01835,6
0.186,-0.0213,-0.10835,5
-0.1047,-0.0738,-0.10245,4
-0.03545,-0.00985,0.0306,6
-2.07565,1.68535,-0.51135,2
-1.8052,-5.1145,-3.7307,3
-5.0464,0.19205,2.325,1
-0.86605,1.6311,-3.67725,2
-0.04565,-0.0544,0.0818,6
-0.137,-0.0703,0.06425,5
4.5582,1.7513,7.2283,3
0.3297,0.23615,1.18015,1
0.13665,-0.0296,-0.1175,5
-5.01805,-3.12965,12.09625,1
-0.0088,-0.0326,-0.0696,4
-0.5393,-0.20595,0.09795,6
-0.03215,-0.03075,0.03775,6
-0.1907,0.03555,0.14415,6
-0.07465,-0.01775,0.0808,6
1.3331,-1.4786,-3.0149,1
0.0525,0.05305,0.0974,4
-0.0691,-0.08965,-0.07085,4
-0.60855,-6.7972,0.28455,2
4.0021,1.2192,-2.78825,1
0.0608,0.1148,-0.11935,4
-1.31955,1.83925,-2.0418,1
0.0292,0.00675,0.0643,4
-0.5369,2.9355,-3.4058,2
0.08665,-0.1249,0.0177,5
-0.3183,-0.0279,-0.0379,5
1.2137,3.30955,-3.1688,3
-0.017,0.026,-0.11975,4
-2.61155,-6.60695,-2.65995,2
-2.01365,-1.63395,-5.0253,1
-1.42305,-4.84615,3.96275,2
1.7923,0.72835,-4.571,2
0.69055,0.06095,-0.1741,6
1.7516,-3.97655,-2.41845,3
1.1344,5.63225,-0.61335,3
2.91835,3.25465,3.1919,3
-5.1097,-2.999,8.32785,1
-1.61325,0.4216,-3.7725,2
1.84005,-4.77295,-1.0579,1
1.4488,-2.1722,-1.1008,2
0.05555,-0.65255,0.4641,3
-2.95345,-0.7607,-2.73035,3
2.4974,-7.43605,-3.63615,1
-0.316,3.24265,-0.97295,3
-0.6008,-0.15165,-0.1371,6
0.0005,-0.02495,-0.05545,4
-4.846,3.8615,-0.43335,3
-0.0662,-0.00175,0.0641,5
0.12315,0.07145,0.02945,4
0.08675,0.02575,0.12915,6
-0.68515,2.05095,-1.7607,3
-0.0314,-0.01045,0.01275,4
-1.95395,1.7291,-1.6016,3
0.05455,0.0485,0.0645,6
-1.8118,1.46145,-1.2897,1
0.77665,4.61535,-1.98345,3
0.83055,-3.27575,0.137,2
0.0893,0.0802,-0.01425,4
0.0569,-0.0193,-0.05105,5
-0.26765,-0.0597,0.2035,6
-0.0827,-0.0247,-0.14125,5
4.1501,1.4739,-3.5382,1
-1.89665,2.1145,-0.6419,3
1.977,-6.1038,-6.289,2
0.86635,2.2829,0.6071,2
-1.38865,-2.18655,0.9894,2
0.05135,0.0779,-0.0772,4
0.4654,-0.3644,-2.42085,3
0.4492,0.65295,-1.0302,2
0.0471,-0.05065,0.08085,6
-0.21735,-0.16085,0.26905,5
-0.0547,0.04495,-0.02725,4
-0.21675,-0.12875,-0.1112,4
-0.02955,1.04165,-1.5783,3
-2.15195,0.26895,1.31535,2
-5.2062,-1.576,1.08115,2
-0.0258,-0.0564,-0.0075,6
-0.05865,-0.03915,-0.07375,4
-0.35075,-0.0356,0.2549,6
-0.0197,0.0151,0.03095,6
0.42555,0.0724,0.0738,6
1.71405,-1.1202,1.08055,2
-0.1415,-1.06255,1.0908,1
0.83535,0.0331,-4.0381,1
-0.04735,-0.08445,0.07045,6
2.126,-2.89825,-2.19895,2
0.14675,0.01865,4.1544,1
-0.0387,-0.0318,0.00555,6
-5.6667,-2.4072,2.1446,3
-0.02145,0.04195,0.0721,6
-0.03915,-0.05635,0.00135,4
0.7642,-8.0448,4.80155,3
-1.51525,-1.9641,0.3599,3
-2.4752,-3.12385,-6.6951,1
-1.86895,-0.09535,2.8364,2
0.10565,-0.0181,-0.03195,4
-2.81415,-1.2821,-6.15215,1
0.01155,-0.07225,-0.039,6
-0.01165,0.0164,-0.01005,4
0.8835,1.6087,-2.0517,3
0.20765,0.0057,0.1599,4
-0.02455,-0.00985,0.1323,5
0.0725,-0.21925,0.02835,6
-0.05745,-0.0513,-0.0501,5
0.00295,-0.019,-0.0146,4
0.0661,0.8884,-3.25485,3
-2.1242,-1.84775,-0.11595,3
0.1678,0.0294,-0.1602,5
-0.54655,-0.12015,-0.08,6
-0.08495,0.0116,-0.1047,4
-1.70865,4.3646,4.1843,3
0.05625,0.03375,-0.1013,4
1.49415,-0.12515,0.1751,2
0.72905,1.7006,-1.52615,2
-1.06735,-0.9887,1.38045,1
3.8188,0.17195,12.50885,2
-0.02445,-0.04325,0.00965,6
3.7913,-6.63465,0.67335,3
-0.18875,-0.08845,0.1841,6
-0.043,-0.03065,0.00535,5
4.20955,-7.92025,3.9632,3
-0.1813,-8.65905,-1.40065,3
-0.31385,-0.1174,0.1455,5
1.676,1.51625,1.75895,3
-0.82755,3.79625,-5.611,3
0.4098,1.81805,-2.55645,3
-0.0544,-0.0607,0.09375,5
-1.45005,0.3583,0.22465,2
1.28685,1.08445,-0.405,1
-0.01625,-0.02785,0.03625,6
-0.87265,-0.39965,-5.7907,2
-0.01405,1.1523,-4.9611,2
0.08485,-0.0378,-0.03485,6
-0.97965,1.16125,1.64165,1
3.50995,2.60715,-4.82195,1
-0.1105,1.7961,0.30625,1
0.21645,0.06785,0.02065,6
-0.21505,-0.0617,0.0803,5
-0.01545,-0.0172,0.0621,6
-0.04095,0.2205,0.1326,1
-1.782,3.81625,0.24945,3
-0.2714,-0.022,0.3047,6
0.0658,0.06925,-0.00375,4
4.7638,-2.94145,2.4525,2
-0.07165,-0.0138,0.0248,5
0.33235,2.365,0.92735,3
-0.01515,0.01025,0.01055,4
-4.927,2.91405,-4.0923,2
-0.1143,0.0433,0.00145,6
-0.0498,-0.06385,0.02285,5
-0.10735,-0.01555,-0.10545,4
4.58995,-0.66675,-3.59685,1
0.0226,0.1416,0.0776,6
-0.14295,-0.0518,-0.0456,5
-0.00205,-0.0089,0.0023,6
-1.57535,1.6413,-1.5772,2
0.0227,-0.06705,0.03515,4
7.5728,3.205,8.8643,3
0.07355,0.01145,-0.04005,5
0.07225,-0.17355,-0.1284,4
0.92125,1.67755,0.6313,2
1.8802,3.03785,-2.84765,2
2.14975,-6.96025,-2.7029,1
-0.268,-0.01195,-0.25055,4
-0.0987,0.07835,0.00825,4
0.91385,-0.4601,1.74255,2
3.56455,1.81245,-1.9154,2
-0.72965,-0.27945,0.00535,1
-3.62155,3.52115,1.91025,1
0.0916,0.01985,-0.06545,4
0.05535,0.0058,0.04095,6
-3.25515,-0.51575,6.19735,1
-0.28235,-0.0663,0.08955,5
2.3728,-0.63915,0.94945,2
-0.18605,-0.04315,0.0338,4
-0.1773,-3.5734,2.3174,1
-0.03285,-0.01865,0.01525,5
-0.9976,1.0751,0.19395,1
0.89925,-9.6238,-2.7086,3
0.7362,2.97745,-2.2496,3
0.6395,-2.971,-4.33625,3
-0.0221,-0.0229,-0.0002,6
-0.073,-0.0216,0.0382,6
-0.0539,0.01475,0.09845,6
0.0113,-0.0694,-0.1615,4
-0.07495,-0.1021,0.09095,5
-0.07065,-0.09385,-0.1538,6
-0.06655,0.0262,-0.0374,4
-0.61015,0.2703,-5.59,2
0.15735,-0.01685,-0.0515,5
-2.5196,0.8467,2.05105,2
4.57375,0.7742,-3.0334,1
0.15615,0.0213,-0.1282,5
0.03695,-0.0303,-0.11045,4
0.8563,1.5712,-1.02055,1
2.3389,0.9756,2.349,2
3.94705,-4.1105,-1.57625,3
-5.31295,-4.5189,-3.6235,3
-0.12535,-0.06765,0.0541,6
0.0451,-0.01485,0.01795,6
-0.1665,-0.00555,-0.1073,4
0.04365,-0.0441,0.05995,4
0.022,-0.11715,0.25535,5
0.9558,-2.663,-1.368,1
0.04105,-0.0035,0.06425,6
-0.67975,-2.14135,-3.2718,3
0.16195,-0.0355,0.04565,4
1.8619,2.4177,-3.48705,2
-0.0526,-0.1338,0.17605,5
0.03675,0.0241,-0.0462,5
0.20245,-0.28425,0.1661,6
-0.0327,-0.0562,-0.0141,5
-3.3756,5.85195,4.04455,3
-0.06365,-0.0175,0.0102,6
-1.4552,-3.02465,3.70605,2
0.25455,0.0504,0.21795,4
-0.23395,-0.01455,-0.0687,5
2.4324,-5.76235,5.5676,3
-1.14435,0.8433,3.85475,3
0.00245,-0.029,0.0613,6
-2.9019,0.44245,-0.9467,2
0.1316,-0.00085,-0.02815,4
7.71585,1.04555,-2.94305,1
0.03975,-0.04075,-0.05325,6
0.3651,-0.1408,0.63985,2
-1.20675,-0.36885,2.43535,3
-1.1989,-2.456,1.7986,2
6.71365,-3.51785,0.65575,3
-2.69315,0.8753,2.12475,2
-3.7913,-2.7287,8.07745,1
0.66365,-2.8727,-7.1553,2
-0.8559,2.6303,0.14395,3
1.90785,-3.34475,0.43615,3
-0.4164,0.1132,-1.34195,2
0.0393,2.68585,1.53455,2
0.0889,-0.02275,0.18195,6
0.06025,0.0448,-0.1169,4
-0.97075,-2.67845,-1.51665,3
0.04325,0.09685,-0.0401,4
-3.88415,1.02775,-1.66825,3
-0.01575,-0.0573,0.0168,6
-1.42955,-0.5955,0.5949,1
-3.78115,-3.73385,5.36565,2
-0.08125,0.12035,-0.10435,6
-0.01925,0.0885,-0.0228,4
0.07465,1.16635,-1.4783,3
0.0778,-0.02605,-0.03045,4
-5.2923,-2.33035,-3.0784,2
-2.34235,-1.099,2.1348,1
1.7852,-1.82265,-1.6886,2
0.0349,0.03685,-0.064,6
0.01985,-0.04005,0.0795,6
-0.0491,0.02225,0.02075,6
-0.72255,1.53115,-0.21375,2
3.28205,1.57475,-1.0674,1
2.41745,-6.68595,-4.5283,1
1.0154,0.4511,2.6444,1
-2.26105,2.86715,-0.8411,2
-2.0438,-0.58975,-0.79995,2
0.83225,1.3139,-1.1964,2
0.968,2.8045,-3.92235,3
-0.03345,-10.46715,-5.90195,3
0.32185,-0.53385,5.3256,1
0.0736,0.16605,0.10885,4
0.0106,-0.01335,0.10915,5
-0.00685,-0.08165,0.0185,5
-0.27805,1.3219,-2.12465,3
-6.48335,-1.4472,-2.11325,2
1.36205,1.0141,-1.05445,2
-0.0179,-0.04495,-0.06755,4
-0.0205,-0.0673,0.1704,5
-0.326,-0.1034,0.2035,5
0.22175,-0.02445,-0.09605,5
-0.12235,-1.6647,4.41625,3
-0.54,2.52605,-0.25385,2
0.1186,0.94415,-0.40715,1
-0.94365,2.9589,-2.9692,2
-0.0484,-0.0366,-0.068,4
-0.11635,-0.0494,-0.0762,4
-6.3473,-1.5467,0.4651,2
-0.61915,6.72185,0.3551,3
-0.97795,3.77295,-6.2623,3
-0.42635,-0.0121,-0.03605,6
0.08195,-0.0882,-0.0956,4
-0.9272,-0.0119,-3.46935,2
-1.8225,-1.627,1.19415,1
0.2223,-0.1373,0.38585,6
-0.0724,-0.0378,-0.17515,5
0.00955,1.1291,-1.92525,1
-2.6504,-4.84225,-2.72205,2
1.81775,-6.56505,-3.5281,1
0.01325,0.01195,-1E-04,6
-1.36445,-5.29955,1.9109,2
0.09375,-0.0781,-0.1607,5
0.7073,1.11795,-3.6205,2
0.0145,0.0207,0.03945,4
0.0951,-0.1433,0.0485,4
-0.7008,-0.89255,-3.30645,2
-0.0861,-0.0822,-0.01355,4
0,0.00275,0.10815,6
3.54205,-7.56925,1.0724,1
-1.178,0.5999,3.27645,2
1.4945,-2.9129,1.2991,3
-0.35855,-0.2434,0.11055,6
5.5121,2.9523,-3.93695,1
0.01185,0.0063,0.02265,4
-2.63845,-2.67335,-3.16775,2
0.00555,-0.0104,0.0982,6
-1.3148,-5.71645,1.3879,3
-1.89825,0.6965,-1.13225,2
-0.04585,-0.0147,-0.07745,6
-0.08275,-0.0472,-0.04385,4
0.0054,0.0608,-0.0621,4
0.2634,-0.0222,0.01245,5
1.76285,-2.2242,-2.51495,1
-0.00115,-0.04905,0.06285,6
0.19985,-0.0464,0.0772,5
-2.77985,1.61585,-3.8715,2
0.0082,0.01955,0.0115,6
1.48555,0.8211,-2.59465,1
-2.0098,1.2888,-0.4936,3
-1.90915,-2.29685,-3.91175,2
1.16305,0.05475,1.5221,2
0.41245,-0.3571,-2.59185,2
-5.05465,-2.0797,1.04195,1
1.1693,-3.63255,-2.12885,1
0.2939,0.0559,0.0049,6
-0.06245,0.0019,0.0653,6
3.8161,1.137,2.21085,3
-0.0151,0.0182,0.1584,6
0.0453,0.03885,0.04735,6
0.24085,0.1278,-0.18725,6
-0.77785,-2.9857,-1.8599,3
0.26015,-0.0127,-0.1703,6
0.13325,-0.008,0.0706,5
1.47805,-1.6672,1.63135,3
1.1382,0.2081,-2.39345,1
-0.00945,-0.0322,0.03245,6
-1.57305,0.48655,-3.89125,2
-0.114,0.1333,1.18695,2
-0.05605,-0.0055,-0.0443,6
-0.05195,-0.11555,0.19335,6
-0.1451,0.04415,-0.16095,4
-1.4192,-4.11675,2.57475,2
0.0315,0.00345,-0.07945,5
-2.9864,0.40325,-0.97945,2
-0.9276,1.8393,-0.7024,1
0.04145,-0.04075,0.04445,5
0.0472,-0.0581,-0.0298,4
-0.059,-0.0798,0.08825,5
-0.0841,-0.0234,0.0293,6
-0.19365,-0.01275,0.05955,5
-0.1367,-0.08445,0.01735,5
0.0321,-0.0025,-0.06845,4
0.24145,0.70815,-3.74125,3
1.01925,-6.25925,-1.5791,1
1.4378,-0.7781,2.14195,2
-0.0057,-0.0613,-0.00535,6
1.414,-0.5758,3.5225,2
-0.06705,-0.0994,-0.0075,6
0.70335,2.19405,-3.75955,3
7.3759,-7.39625,3.75825,3
-0.28495,-0.3841,-1.3665,3
0.0108,0.0011,0.0427,6
0.0406,-0.0111,0.04135,4
-0.0146,-0.06165,0.0358,6
1.4299,3.85375,-1.3734,3
0.03155,-0.0073,0.0484,6
0.0168,0.02745,0.03245,4
-0.49755,0.964,-4.7905,1
-0.11675,-0.08055,0.00265,4
-0.4811,-2.98415,3.8533,2
0.0458,0.02295,0.03585,6
-2.7787,-0.0229,-1.39225,2
-0.0736,0.04095,0.02225,4
-0.01275,0.27305,0.1043,4
0.07205,-0.02615,-0.0466,5
-1.77765,-0.77975,-5.07405,1
0.0342,-0.0181,0.12465,6
-0.033,-0.0771,-0.0506,6
-2.06955,1.8016,-2.51785,1
-0.52085,1.066,-3.07195,1
-5.8337,-4.3416,4.0996,3
-1.5031,-11.4196,-3.1827,3
-0.0465,0.07905,0.006,4
-1.10335,-0.97885,-0.08575,2
-1.4054,-2.46405,-0.3042,2
-0.02575,-0.0306,-0.05385,4
0.0446,-0.01515,0.09675,5
0.15365,0.03135,-0.1112,5
-3.179,1.24695,3.45955,1
-2.36385,-8.15785,2.27185,3
-0.2448,-0.1826,0.15085,5
-0.052,-0.03925,-0.0167,4
0.0895,-0.14,0.27185,5
0.0867,0.0063,0.0056,6
-1.3391,2.04295,0.64585,1
0.04585,-0.04305,0.0521,5
2.35745,0.7256,3.95465,3
0.0072,0.07795,-0.31625,5
-2.1843,-1.25095,-0.2897,2
0.076,-0.01905,0.0381,6
1.0982,0.8431,-3.5001,2
0.03215,-0.03735,0.09525,5
0.03445,0.01025,-0.0138,6
0.0203,-0.04515,-0.02775,4
-8.86185,-1.4605,9.2254,1
-0.0004,-0.1049,-0.1431,4
4.82925,-5.63995,3.0119,3
0.20745,0.0073,-0.08575,5
-0.06705,-0.09525,-0.02975,4
0.0201,-0.2302,0.26445,6
-0.00785,0.05445,-0.0391,4
0.3707,-1.15205,1.36225,2
0.024,-0.02175,0.0986,5
-0.1788,-0.01955,0.1606,6
0.0177,0.03045,-0.01765,6
0.04885,-0.0269,-0.11865,4
-2.12815,-0.832,8.8105,1
0.0983,0.1124,0.04725,4
0.0328,-0.03475,-0.03825,4
-6.4605,-0.46495,10.32345,1
0.1235,-0.09615,-0.08975,4
-0.0306,-0.06675,0.0278,4
-1.2216,3.04985,0.2326,3
-0.02975,-0.0414,0.0622,5
-0.0332,-0.0586,0.05345,6
0.08605,0.11425,0.0517,2
-0.0984,0.0357,-0.0079,4
0.6031,0.30315,-0.08135,6
4.92945,-4.49035,-3.9157,1
0.841,1.65155,1.73375,3
-0.9422,0.88925,-6.43225,2
-0.151,0.04635,-0.3357,5
-0.0584,-0.0884,-0.1017,4
3.3865,1.0368,-3.32335,1
0.07195,-0.02995,-0.0494,5
-3.17485,-1.38175,1.27455,1
1.50685,-3.09815,-1.5142,2
-2.8564,-1.6895,1.2411,1
-3.60665,-0.8454,4.4395,1
-5.29935,-0.2851,4.67395,1
-6.3192,-1.6919,1.76825,2
-0.0553,-0.0706,0.0426,5
3.4926,-6.2816,-1.10225,3
0.1011,-0.01635,-0.0077,4
0.01565,-0.0152,-0.02165,4
0.03935,-0.00515,-0.01365,6
0.0593,-0.0134,-0.04285,4
-0.1152,-0.01305,0.0677,6
-2.9084,-5.09175,-0.66685,3
0.05485,0.03015,0.0344,4
0.0029,-0.1048,-0.02085,5
-0.0841,0.01085,-0.09815,4
-1.7683,3.4338,-2.35575,2
0.052,0.10195,-0.15545,4
-0.0976,0.0006,-0.09355,5
-0.0566,-1.0725,-1.0683,2
-3.4166,-1.2068,1.4794,1
0.27245,0.05255,-0.355,5
1.7586,0.35275,0.85535,2
0.14355,-0.00935,0.1118,4
-1.1531,1.9042,0.86005,3
-0.0539,-0.04315,0.11045,6
0.09775,-0.00135,-0.08175,5
0.10235,-0.06945,0.01305,4
-0.0743,0.0506,0.03705,4
-0.68345,2.48955,-0.8936,3
-0.136,0.0697,-0.1014,6
-0.0929,-0.038,0.08335,4
-0.27745,-0.1861,-0.0435,4
-0.0882,1.1195,-4.16,2
-1.71435,-1.60455,-4.17575,2
-4.41095,4.32365,0.9463,3
1.12565,1.28525,-0.2877,1
1.18925,-2.82185,1.9098,2
2.4208,2.1314,-1.81485,3
8.0425,-10.1584,0.10945,3
2.02215,-3.6914,1.2381,2
1.5371,-2.78165,1.8632,3
0.0133,-0.0038,0.01685,4
0.4933,1.155,-5.7289,2
0.0088,-0.04905,0.13835,6
-0.02055,0.0126,0.10215,6
3.7701,-0.5012,5.2721,3
-1.5017,0.8159,-2.81645,3
0.2094,-3.38425,0.77905,3
0.026,-0.07745,0.1782,5
-1.3089,3.87165,3.66005,3
0.28975,-0.035,0.10605,5
-0.1043,0.12675,-0.08615,4
-0.05085,-0.00305,-0.1276,4
-0.8758,-0.00885,-1.3816,3
-0.0849,0.0063,0.0061,6
-0.06815,-0.0087,0.1066,6
-0.10275,-0.1156,0.0136,4
-0.2259,3.57235,-4.08535,3
-4.76575,-2.88185,0.87485,2
-0.06505,0.01955,0.0101,6
-0.27815,-0.05415,-0.31565,4
-0.1624,0.04465,-0.0968,6
-0.0798,0.03995,0.0014,6
0.6158,0.13615,-0.013,6
0.0696,-0.0125,-0.0109,4
-0.0581,-0.0426,-0.0015,4
0.5704,-7.2068,-4.34955,3
-0.1917,-0.0836,-0.0614,6
5.4102,1.44555,5.34515,3
1.6708,1.1115,-2.84705,2
0.0905,-0.00455,-0.00635,4
-0.07015,0.077,-0.03825,6
-0.07615,-0.02535,-0.01145,6
0.189,-0.0487,0.07725,6
-0.00195,-0.03375,-0.02605,4
0.00625,0.0173,-0.1155,4
3.79625,-2.4786,-4.1244,1
-1.0645,-1.0201,-0.7044,3
-1.3144,-4.6393,-2.05545,2
-0.0235,-0.00405,0.01415,6
-0.6545,-1.5691,-0.73815,2
-1.98105,0.5709,-3.5301,3
0.1034,-0.0277,-0.0359,4
0.46205,-1.3453,2.32625,3
3.37385,-0.1257,0.67255,1
-0.3898,1.0612,2.80205,1
-0.08165,-0.07635,-0.0066,6
-11.0145,1.10555,1.82095,2
-0.0391,-1.35455,0.71005,1
0.03735,-0.07135,0.24055,6
-0.0094,-0.0604,-0.0303,6
-1.6381,4.72445,2.91285,3
0.06835,0.00285,0.05235,6
-0.21545,1.85505,-4.6055,3
0.0108,0.0084,0.103,6
-1.2399,-5.22295,1.43305,2
0.05135,-0.0785,0.02885,4
0.04315,-0.05395,0.0787,6
-0.18435,-0.01755,0.1706,4
0.05115,0.0324,0.02885,6
0.236,-0.0514,0.10605,5
0.44435,1.64625,-1.3603,2
0.0966,0.0238,-0.0653,4
0.0232,-0.0599,-0.10235,5
-0.85135,0.0341,-0.5894,2
-1.84455,2.1538,-4.0013,2
0.10935,0.06845,-0.0464,4
0.4396,1.1465,-0.83785,1
0.1001,-0.03225,-0.15965,5
0.1704,-0.08185,0.12155,5
-0.26835,-0.09175,0.0857,5
-0.14135,-0.04025,-0.1349,4
5.24545,0.03375,-3.6895,1
-0.2072,-0.1163,0.03435,5
-4.20765,2.79675,-0.4739,1
0.0599,0.0036,0.00295,4
0.10095,0.9502,6.7133,1
-0.0801,-0.0624,0.0701,6
-0.0001,-0.1189,-0.16765,4
-3.74275,0.1792,-2.1343,3
-0.46045,1.01785,-1.29625,3
0.03465,0.007,-0.02145,6
-0.01345,-0.0801,-0.0622,5
-3.0546,0.86085,-2.13055,3
-1.03065,3.01965,8.2452,3
0.54935,0.0237,0.22165,6
-4.4443,-1.2552,0.482,1
0.1294,0.01765,-0.2829,5
3.59625,-3.88685,-4.92975,3
-0.25045,0.20525,3.67375,1
6.2368,0.98655,-1.93845,1
-0.04725,-0.09015,0.07665,5
2.71345,-2.0663,0.795,2
0.09805,-0.0535,0.0936,5
-3.11155,-2.5495,-3.63555,2
-0.29755,0.65215,-1.76175,3
-2.25885,-0.5041,-1.72235,2
1.9055,0.1582,4.59085,1
0.08745,-0.031,0.1248,6
0.245,-0.0873,-0.18925,5
-3.67195,-3.6327,-2.7239,3
3.25285,-1.762,-5.01615,3
-0.1819,-0.5225,1.853,1
0.9373,-2.33375,0.78665,2
0.14575,-0.03235,0.0593,5
-1.6604,-4.43185,-1.16165,2
-0.0696,0.001,0.03015,4
-2.77335,0.40385,1.4056,1
0.08405,1.4272,-2.96705,1
0.0479,0.05775,-0.0705,4
-0.11285,0.04625,0.00035,6
0.0746,-0.05275,0.0689,5
-1.1983,-2.20165,2.01535,2
0.08865,0.02785,-0.00285,4
-6.35345,1.03915,0.71095,3
0.069,0.05245,-0.1013,6
-0.9903,1.63595,-1.0969,3
-0.04835,-0.03355,-0.058,4
-0.0286,0.09235,-0.11465,4
-0.1213,-0.0712,0.18615,5
0.83885,-5.48565,0.8331,1
-0.06435,0.62675,-3.8981,2
-0.0172,-0.0212,-0.04275,6
5.73005,-7.7509,-0.35395,3
0.57735,2.28695,-0.95585,3
-0.2774,-0.0036,-0.07895,5
-0.65115,4.84795,-3.17655,3
0.1046,0.09155,-0.198,6
-0.0262,0.017,-0.0107,6
-0.10905,-0.09205,0.18735,5
-0.6886,-0.3278,-1.66995,1
0.15265,0.0182,-0.19935,5
-0.41755,-0.05245,0.0977,5
0.21645,0.02225,-0.39225,2
-0.00455,-0.03825,-0.09385,5
-3.54845,7.7192,7.84785,3
0.11875,-0.0152,-0.09045,5
-0.0042,0.03515,0.0163,6
0.2951,0.0214,0.0332,5
1.1273,-2.2805,1.42785,2
-0.0284,0.0846,0.02495,4
-0.08115,0.00395,0.07285,6
4.90105,-9.81775,-3.59105,3
0.09145,0.09855,0.00285,4
-0.4716,-2.48605,-4.85145,2
0.10555,-0.1658,0.1206,6
1.3349,-0.09605,-2.0133,1
0.10865,0.02545,0.0011,4
2.68595,1.4636,-3.7334,2
0.06845,-0.03745,-0.05045,6
0.0799,0.0591,-0.23835,5
0.07585,-0.19265,0.20495,6
-0.05205,0.9872,-1.10965,3
4.15935,1.60625,-1.2556,1
0.0572,-0.0549,0.19335,6
-0.4719,1.4173,0.0878,2
-0.07135,-0.01955,-0.0212,5
0.9738,0.5699,-2.2787,1
-1.57005,-1.03995,2.0123,1
-1.52,-9.5505,-2.6165,3
-0.0343,0.0127,0.11755,5
0.79645,-1.95735,3.3648,2
-0.51565,-1.01885,-2.2093,3
-0.0377,-0.0276,-0.02635,5
0.00715,0.02475,0.0208,6
-0.27215,-0.08525,-0.16635,4
0.4031,0.12245,-0.1692,5
-2.40925,-0.60755,0.4837,2
0.05925,-0.01305,-0.0023,4
1.5065,-4.55145,5.43035,1
-0.0136,0.01575,0.0339,6
0.15205,-0.0164,-0.2233,5
-1.1038,-0.54835,-0.69215,3
-0.869,-0.9365,-4.80385,1
-2.8653,-5.1457,-4.46325,3
-0.6894,-0.7656,-0.36635,1
-0.0834,-0.0661,0.2166,5
0.08965,0.04585,-0.1408,4
-0.93635,-0.86985,-2.0519,3
-6.11705,-1.8807,-2.00465,3
-1.60275,1.28135,3.17435,3
-2.56775,-0.50185,4.2614,2
